Employee_Name,EmpID,Full time status,GenderID,EmpStatusID,Process ScoreID,Process 1,Process 2,Process 3,Process 4,Process 5,Salary,Termd,PositionID,Position,State,Zip,DOB,Sex,MaritalDesc,CitizenDesc,HispanicLatino,DateofHire,DateofTermination,TermReason,EmploymentStatus,Department,ManagerName,ManagerID,RecruitmentSource,PerformanceComments,EngagementSurvey,EmpSatisfaction,SpecialProjectsCount,LastPerformanceReview_Date,DaysLateLast30,Absences
"Adinolfi, Wilson  K",10026,0,1,1,3.452978972,0.897436706,0.812209759,0.4760835,0.619887087,0.64736192,62506,0,19,Production Technician I,MA,1960,07-10-1983,M ,Single,US Citizen,No,07-05-2011,,N/A-StillEmployed,Active,D&A,Michael Albert,22,LinkedIn,Exceeds,4.6,5,0,1/17/2019,0,1
"Ait Sidi, Karthikeyan   ",10084,1,1,5,3.109274319,0.909351235,0.720030917,0.261627446,0.497158175,0.721106547,104437,1,27,Sr. DBA,MA,2148,05-05-1975,M ,Married,US Citizen,No,3/30/2015,6/16/2016,career change,Active,D&A,Simon Roup,4,Indeed,Fully Meets,4.96,3,6,2/24/2016,0,17
"Akinkuolie, Sarah",10196,1,0,5,3.880157874,0.695257903,0.997760303,0.801387847,0.98961796,0.396133861,64955,1,20,Production Technician II,MA,1810,09/19/88,F,Married,US Citizen,No,07-05-2011,9/24/2012,hours,Active,D&A,Kissy Sullivan,20,LinkedIn,Fully Meets,3.02,3,0,5/15/2012,0,3
"Alagbe,Trina",10088,1,0,1,2.669784813,0.513763429,0.627204922,0.845384399,0.227240602,0.456191461,64991,0,19,Production Technician I,MA,1886,09/27/88,F,Married,US Citizen,No,01-07-2008,,N/A-StillEmployed,Active,D&A,Elijiah Gray,16,Indeed,Fully Meets,4.84,5,0,01-03-2019,0,15
"Anderson, Carol ",10069,0,0,5,1.431987797,0.331311485,0.270636127,0.268284881,0.040949097,0.520806207,50825,1,19,Production Technician I,MA,2169,09-08-1989,F,Divorced,US Citizen,No,07-11-2011,09-06-2016,return to school,Active,D&A,Webster Butler,39,Google Search,Fully Meets,5,4,0,02-01-2016,0,2
"Anderson, Linda  ",10002,0,0,1,1.924381844,0.05045046,0.935757724,0.503420692,0.248938019,0.185814948,57568,0,19,Production Technician I,MA,1844,05/22/77,F,Single,US Citizen,No,01-09-2012,,N/A-StillEmployed,Active,D&A,Amy Dunn,11,LinkedIn,Exceeds,5,5,0,01-07-2019,0,15
"Andreola, Colby",10194,0,0,1,3.631546781,0.911688296,0.383245249,0.900289735,0.901719693,0.534603808,95660,0,24,Software Engineer,MA,2110,05/24/79,F,Single,US Citizen,No,11-10-2014,,N/A-StillEmployed,Active,D&A,Alex Sweetwater,10,LinkedIn,Fully Meets,3.04,3,4,01-02-2019,0,19
"Athwal, Sam",10062,0,1,1,3.086053984,0.627713937,0.898192234,0.69401734,0.202031111,0.664099362,59365,0,19,Production Technician I,MA,2199,02/18/83,M ,Widowed,US Citizen,No,9/30/2013,,N/A-StillEmployed,Active,D&A,Ketsia Liebig,19,Employee Referral,Fully Meets,5,4,0,2/25/2019,0,19
"Bachiochi, Linda",10114,0,0,3,2.604105968,0.865591951,0.460066489,0.271691343,0.045332163,0.961424022,47837,0,19,Production Technician I,MA,1902,02-11-1970,F,Single,US Citizen,No,07-06-2009,,N/A-StillEmployed,Active,D&A,Brannon Miller,12,Diversity Job Fair,Fully Meets,4.46,3,0,1/25/2019,0,4
"Bacong, Alejandro ",10250,0,1,1,2.581607469,0.414535556,0.809536079,0.076705032,0.62365771,0.657173091,50178,0,14,IT Support,MA,1886,01-07-1988,M ,Divorced,US Citizen,No,01-05-2015,,N/A-StillEmployed,Active,D&A,Peter Monroe,7,Indeed,Fully Meets,5,5,6,2/18/2019,0,16
"Baczenski, Rachael  ",10252,1,0,5,2.177489898,0.871100797,0.832477284,0.346595613,0.060196481,0.067119723,54670,1,19,Production Technician I,MA,1902,01-12-1974,F,Married,US Citizen,Yes,01-10-2011,01-12-2017,Another position,Active,D&A,David Stanley,14,Diversity Job Fair,Fully Meets,4.2,4,0,1/30/2016,0,12
"Barbara, Thomas",10242,1,1,5,1.961893447,0.19998252,0.60198714,0.037225177,0.737970329,0.384728281,47211,1,19,Production Technician I,MA,2062,02/21/74,M ,Married,US Citizen,Yes,04-02-2012,9/19/2016,unhappy,Active,D&A,Kissy Sullivan,20,Diversity Job Fair,Fully Meets,4.2,3,0,05-06-2016,0,15
"Barbossa, Hector",10012,0,1,1,2.553073157,0.542186773,0.646740607,0.343108917,0.099742317,0.921294542,92328,0,9,Data Analyst,TX,78230,07-04-1988,M ,Divorced,US Citizen,No,11-10-2014,,N/A-StillEmployed,Active,D&A,Simon Roup,4,Diversity Job Fair,Exceeds,4.28,4,5,2/25/2019,0,9
"Barone, Francesco  A",10265,0,1,1,1.927777987,0.328964954,0.542547924,0.350180673,0.516857306,0.18922713,58709,0,19,Production Technician I,MA,1810,07/20/83,M ,Single,US Citizen,No,2/20/2012,,N/A-StillEmployed,Active,D&A,Kelley Spirea,18,Google Search,Fully Meets,4.6,4,0,2/14/2019,0,7
"Barton, Nader",10066,0,1,5,2.01558594,0.585549575,0.286753853,0.038421873,0.800654404,0.304206236,52505,1,19,Production Technician I,MA,2747,07/15/77,M ,Divorced,US Citizen,No,9/24/2012,04-06-2017,Another position,Active,D&A,Michael Albert,22,On-line Web application,Fully Meets,5,5,0,03-02-2017,0,1
"Bates, Norman",10061,0,1,4,2.548621332,0.693260278,0.628850075,0.37346112,0.383224462,0.469825398,57834,1,19,Production Technician I,MA,2050,10/18/81,M ,Single,US Citizen,No,2/21/2011,08-04-2017,attendance,Active,D&A,Kelley Spirea,18,Google Search,Fully Meets,5,4,0,04-05-2017,0,20
"Beak, Kimberly  ",10023,1,0,2,1.797527383,0.187139182,0.210501824,0.867315281,0.100866226,0.43170487,70131,0,20,Production Technician II,MA,2145,04/17/66,F,Married,US Citizen,No,7/21/2016,,N/A-StillEmployed,Active,D&A,Kelley Spirea,18,Employee Referral,Exceeds,4.4,3,0,1/14/2019,0,16
"Beatrice, Courtney ",10055,0,0,1,2.188497173,0.401803494,0.717157565,0.641565375,0.014942928,0.413027812,59026,0,19,Production Technician I,MA,1915,10/27/70,F,Single,Eligible NonCitizen,No,04-04-2011,,N/A-StillEmployed,Active,D&A,Elijiah Gray,16,Google Search,Fully Meets,5,5,0,1/14/2019,0,12
"Becker, Renee",10245,0,0,4,3.294326412,0.578995891,0.865297074,0.475332122,0.882247986,0.49245334,110000,1,8,Database Administrator,MA,2026,04-04-1986,F,Single,US Citizen,Yes,07-07-2014,09-12-2015,performance,Active,D&A,Simon Roup,4,Google Search,Fully Meets,4.5,4,5,1/15/2015,0,8
"Becker, Scott",10277,0,1,3,2.201326993,0.659092135,0.818607189,0.000637541,0.138470317,0.584519812,53250,0,19,Production Technician I,MA,2452,04-06-1979,M ,Single,US Citizen,No,07-08-2013,,N/A-StillEmployed,Active,D&A,Webster Butler,,LinkedIn,Fully Meets,4.2,4,0,01-11-2019,0,13
"Bernstein, Sean",10046,0,1,1,1.987116062,0.582435396,0.054094046,0.421285853,0.443679713,0.485621055,51044,0,19,Production Technician I,MA,2072,12/22/70,M ,Single,US Citizen,Yes,04-02-2012,,N/A-StillEmployed,Active,D&A,Amy Dunn,11,Google Search,Fully Meets,5,3,0,1/14/2019,0,13
"Biden, Lowan  M",10226,0,0,1,2.782595133,0.172344212,0.63162364,0.728310883,0.568398786,0.681917612,64919,0,19,Production Technician I,MA,2027,12/27/58,F,Divorced,US Citizen,No,8/19/2013,,N/A-StillEmployed,Active,D&A,Ketsia Liebig,19,Indeed,Fully Meets,4.2,3,0,01-10-2019,0,2
"Billis, Helen",10003,1,0,1,2.363535562,0.383401772,0.594849969,0.469309084,0.443530041,0.472444696,62910,0,19,Production Technician I,MA,2031,09-01-1989,F,Married,US Citizen,No,07-07-2014,,N/A-StillEmployed,Active,D&A,Brannon Miller,12,Indeed,Exceeds,5,3,0,2/27/2019,0,19
"Blount, Dianna",10294,0,0,1,2.52115141,0.136858121,0.570826225,0.599400282,0.903310085,0.310756697,66441,0,20,Production Technician II,MA,2171,09/21/90,F,Single,US Citizen,No,04-04-2011,,N/A-StillEmployed,Active,D&A,Michael Albert,22,CareerBuilder,Needs Improvement,2,3,0,2/27/2019,2,3
"Bondwell, Betsy",10267,0,0,5,1.460109459,0.45667009,0.166205284,0.349099313,0.285762559,0.202372213,57815,1,20,Production Technician II,MA,2210,01/16/67,F,Single,US Citizen,No,01-10-2011,04-04-2014,career change,Active,D&A,Elijiah Gray,16,Google Search,Fully Meets,4.8,5,0,03-04-2014,0,5
"Booth, Frank",10199,0,1,4,3.337049908,0.666070681,0.476335779,0.713642034,0.878345866,0.602655548,103613,1,30,Enterprise Architect,CT,6033,07/30/64,M ,Single,US Citizen,No,2/17/2014,2/19/2016,Learned that he is a gangster,Active,D&A,Simon Roup,4,LinkedIn,Fully Meets,3.5,5,7,01-10-2016,0,2
"Boutwell, Bonalyn",10081,1,0,1,3.276948615,0.991179892,0.449323052,0.076030583,0.918513346,0.841901743,106367,0,26,Sr. Accountant,MA,2468,04-04-1987,F,Married,US Citizen,No,2/16/2015,,N/A-StillEmployed,Active,D&A,Brandon R. LeBlanc,3,Diversity Job Fair,Fully Meets,5,4,3,2/18/2019,0,4
"Bozzi, Charles",10175,0,1,5,2.890234599,0.527517276,0.871313713,0.813676218,0.057421037,0.620306354,74312,1,18,Production Manager,MA,1901,03-10-1970,M ,Single,US Citizen,No,9/30/2013,08-07-2014,retiring,Active,D&A,Janet King,2,Indeed,Fully Meets,3.39,3,0,2/20/2014,0,14
"Brill, Donna",10177,1,0,5,2.174505388,0.817812204,0.212019848,0.767061563,0.342546308,0.035065466,53492,1,19,Production Technician I,MA,1701,08/24/90,F,Married,US Citizen,No,04-02-2012,6/15/2013,Another position,Active,D&A,David Stanley,14,Google Search,Fully Meets,3.35,4,0,03-04-2013,0,6
"Brown, Mia",10238,1,0,1,1.848491164,0.013645856,0.138939064,0.791748385,0.637677399,0.266480461,63000,0,1,Accountant I,MA,1450,11/24/87,F,Married,US Citizen,No,10/27/2008,,N/A-StillEmployed,Active,D&A,Brandon R. LeBlanc,1,Diversity Job Fair,Fully Meets,4.5,2,6,1/15/2019,0,14
"Buccheri, Joseph  ",10184,0,1,1,3.501825476,0.435466317,0.936732839,0.30780459,0.945038156,0.876783575,65288,0,20,Production Technician II,MA,1013,07/28/83,M ,Single,US Citizen,No,9/29/2014,,N/A-StillEmployed,Active,D&A,Webster Butler,,Google Search,Fully Meets,3.19,3,0,02-01-2019,0,9
"Bugali, Josephine ",10203,0,0,3,2.147922702,0.352087564,0.528734093,0.400797705,0.743424663,0.122878677,64375,0,19,Production Technician I,MA,2043,10/30/69,F,Separated,US Citizen,No,11-11-2013,,N/A-StillEmployed,Active,D&A,Kissy Sullivan,20,Diversity Job Fair,Fully Meets,3.5,5,0,1/21/2019,0,17
"Bunbury, Jessica",10188,1,0,5,3.715541297,0.344721224,0.879327183,0.788493363,0.861985152,0.841014374,74326,1,3,Area Sales Manager,VA,21851,06-01-1964,F,Married,Eligible NonCitizen,No,8/15/2011,08-02-2014,Another position,Active,D&A,John Smith,17,Google Search,Fully Meets,3.14,5,0,02-10-2013,1,19
"Burke, Joelle",10107,0,0,1,2.372815071,0.017129675,0.604328041,0.601736311,0.883973246,0.265647797,63763,0,20,Production Technician II,MA,2148,03-02-1980,F,Single,US Citizen,No,03-05-2012,,N/A-StillEmployed,Active,D&A,Amy Dunn,11,Employee Referral,Fully Meets,4.51,4,0,2/21/2019,0,3
"Burkett, Benjamin ",10181,1,1,1,2.851143198,0.412739041,0.859864761,0.918642992,0.154499027,0.505397377,62162,0,20,Production Technician II,MA,1890,08/19/77,M ,Married,US Citizen,No,04-04-2011,,N/A-StillEmployed,Active,D&A,Ketsia Liebig,19,Indeed,Fully Meets,3.25,5,0,1/14/2019,0,15
"Cady, Max ",10150,0,1,1,3.238034755,0.636665407,0.671161153,0.321600808,0.701768016,0.906839371,77692,0,25,Software Engineering Manager,MA,2184,11/22/66,M ,Single,US Citizen,No,8/15/2011,,N/A-StillEmployed,Active,D&A,Jennifer Zamora,5,Google Search,Fully Meets,3.84,3,5,1/21/2019,0,4
"Candie, Calvin",10001,0,1,1,2.723247144,0.816603537,0.179771255,0.690827778,0.809275817,0.226768757,72640,0,18,Production Manager,MA,2169,08-09-1983,M ,Single,US Citizen,No,1/28/2016,,N/A-StillEmployed,Active,D&A,Janet King,2,Indeed,Exceeds,5,3,0,2/22/2019,0,14
"Carabbio, Judith",10085,0,0,1,3.334755948,0.822559715,0.785421638,0.520710557,0.470534651,0.735529388,93396,0,24,Software Engineer,MA,2132,04-05-1987,F,Single,US Citizen,No,11-11-2013,,N/A-StillEmployed,Active,D&A,Alex Sweetwater,10,Indeed,Fully Meets,4.96,4,6,1/30/2019,0,3
"Carey, Michael  ",10115,0,1,1,1.789542338,0.100758769,0.214959136,0.443894666,0.089574904,0.940354863,52846,0,19,Production Technician I,MA,1701,02-02-1983,M ,Single,US Citizen,No,3/31/2014,,N/A-StillEmployed,Active,D&A,Kelley Spirea,18,LinkedIn,Fully Meets,4.43,3,0,02-01-2019,0,14
"Carr, Claudia  N",10082,0,0,2,2.98034243,0.870618327,0.887095094,0.175678658,0.817618345,0.229332007,100031,0,27,Sr. DBA,MA,1886,06-06-1986,F,Single,US Citizen,No,6/30/2016,,N/A-StillEmployed,Active,D&A,Simon Roup,4,LinkedIn,Fully Meets,5,5,6,2/18/2019,0,7
"Carter, Michelle ",10040,0,0,1,2.46972941,0.75857988,0.472291746,0.319782701,0.097222427,0.821852657,71860,0,3,Area Sales Manager,VT,5664,05/15/63,F,Single,US Citizen,No,8/18/2014,,N/A-StillEmployed,Active,D&A,John Smith,17,Indeed,Fully Meets,5,5,0,1/21/2019,0,7
"Chace, Beatrice ",10067,0,0,1,1.543068808,0.166590238,0.00787725,0.621911705,0.590038375,0.156651241,61656,0,19,Production Technician I,MA,2763,01-02-1951,F,Single,US Citizen,No,9/29/2014,,N/A-StillEmployed,Active,D&A,Michael Albert,22,Google Search,Fully Meets,5,4,0,02-12-2019,0,11
"Champaigne, Brian",10108,1,1,1,2.626527122,0.634853592,0.805632653,0.261190893,0.451327548,0.473522436,110929,0,5,BI Director,MA,2045,02-09-1972,M ,Married,US Citizen,No,09-06-2016,,N/A-StillEmployed,Active,D&A,Jennifer Zamora,5,Indeed,Fully Meets,4.5,5,7,1/15/2019,0,8
"Chan, Lin",10210,0,0,1,4.124936455,0.884516174,0.817171946,0.680446794,0.822039924,0.920761617,54237,0,19,Production Technician I,MA,2170,02-12-1979,F,Single,US Citizen,No,05-12-2014,,N/A-StillEmployed,Active,D&A,Elijiah Gray,16,Indeed,Fully Meets,3.3,4,0,2/19/2019,0,11
"Chang, Donovan  E",10154,0,1,1,2.134525229,0.285394284,0.179013113,0.885495552,0.039080536,0.745541744,60380,0,19,Production Technician I,MA,1845,08/24/83,M ,Single,US Citizen,No,07-08-2013,,N/A-StillEmployed,Active,D&A,Webster Butler,,LinkedIn,Fully Meets,3.8,5,0,1/14/2019,0,4
"Chigurh, Anton",10200,0,1,1,3.535324306,0.591457342,0.90572676,0.934956176,0.847792617,0.255391411,66808,0,3,Area Sales Manager,TX,78207,06-11-1970,M ,Single,Eligible NonCitizen,No,5/14/2012,,N/A-StillEmployed,Active,D&A,Lynn Daneault,21,Employee Referral,Fully Meets,3,5,0,1/19/2019,0,17
"Chivukula, Enola",10240,0,0,5,2.332919765,0.305467103,0.16241392,0.606022129,0.623963907,0.635052706,64786,1,19,Production Technician I,MA,1775,08/27/83,F,Single,US Citizen,No,6/27/2011,11/15/2015,relocation out of area,Active,D&A,Amy Dunn,11,Indeed,Fully Meets,4.3,4,0,03-10-2015,0,3
"Cierpiszewski, Caroline  ",10168,0,0,1,2.173242974,0.326093225,0.905332958,0.73327603,0.029034921,0.17950584,64816,0,19,Production Technician I,MA,2044,05/31/88,F,Single,Non-Citizen,No,10-03-2011,,N/A-StillEmployed,Active,D&A,Ketsia Liebig,19,Indeed,Fully Meets,3.58,5,0,1/30/2019,0,3
"Clayton, Rick",10220,0,1,1,2.835809575,0.283988638,0.660719333,0.353883287,0.745558635,0.791659683,68678,0,14,IT Support,MA,2170,09-05-1985,M ,Single,US Citizen,No,09-05-2012,,N/A-StillEmployed,Active,D&A,Eric Dougall,6,Indeed,Fully Meets,4.7,3,6,2/27/2019,0,2
"Cloninger, Jennifer",10275,1,0,10,2.55216422,0.298645376,0.701268889,0.142072886,0.901297606,0.508879463,64066,1,20,Production Technician II,MA,1752,08/31/81,F,Married,US Citizen,No,5/16/2011,01-07-2013,unhappy,Active,D&A,Brannon Miller,12,Google Search,Fully Meets,4.2,5,0,05-03-2012,0,9
"Close, Phil",10269,1,1,5,1.926808758,0.464606179,0.032548571,0.222214912,0.996152897,0.2112862,59369,1,20,Production Technician II,MA,2169,11/25/78,M ,Married,US Citizen,No,8/30/2010,9/26/2011,career change,Active,D&A,David Stanley,14,Indeed,Fully Meets,4.2,4,0,05-04-2011,0,6
"Clukey, Elijian",10029,1,1,2,2.415365312,0.070260837,0.610224268,0.379344714,0.862562744,0.492972749,50373,0,19,Production Technician I,MA,2134,08/26/80,M ,Married,US Citizen,No,07-06-2016,,N/A-StillEmployed,Active,D&A,Brannon Miller,12,Employee Referral,Exceeds,4.1,4,0,2/28/2019,0,5
"Cockel, James",10261,0,1,1,2.595948699,0.775587295,0.035634339,0.532013992,0.363318092,0.88939498,63108,0,19,Production Technician I,MA,2452,09-08-1977,M ,Single,US Citizen,No,07-08-2013,,N/A-StillEmployed,Active,D&A,David Stanley,14,Employee Referral,Fully Meets,4.4,5,0,1/14/2019,0,3
"Cole, Spencer",10292,0,1,4,2.319327554,0.439106568,0.554373361,0.099469138,0.763242277,0.463136209,59144,1,19,Production Technician I,MA,1880,08-12-1979,M ,Single,US Citizen,No,07-11-2011,9/23/2016,performance,Active,D&A,Kissy Sullivan,20,LinkedIn,Needs Improvement,2,3,0,05-01-2016,5,16
"Corleone, Michael",10282,0,1,1,2.170286619,0.211225484,0.945347234,0.044647128,0.772318805,0.196747968,68051,0,18,Production Manager,MA,1803,12/17/75,M ,Divorced,US Citizen,No,7/20/2010,,N/A-StillEmployed,Active,D&A,Janet King,2,CareerBuilder,Needs Improvement,4.13,2,0,1/14/2019,3,3
"Corleone, Vito",10019,0,1,1,2.967418344,0.052872031,0.321307071,0.993537561,0.69125921,0.908442472,170500,0,10,Director of Operations,MA,2030,03/19/83,M ,Single,US Citizen,No,01-05-2009,,N/A-StillEmployed,Active,D&A,Janet King,2,Indeed,Exceeds,3.7,5,0,02-04-2019,0,15
"Cornett, Lisa ",10094,1,0,1,2.890653491,0.677237019,0.105490671,0.849027607,0.607422804,0.65147539,63381,0,19,Production Technician I,MA,2189,03/31/77,F,Married,US Citizen,Yes,01-05-2015,,N/A-StillEmployed,Active,D&A,Kelley Spirea,18,Indeed,Fully Meets,4.73,5,0,2/14/2019,0,6
"Costello, Frank",10193,1,1,1,2.313586704,0.598886608,0.762415245,0.253947625,0.386308419,0.312028806,83552,0,9,Data Analyst,MA,1810,08/26/86,M ,Married,US Citizen,No,3/30/2015,,N/A-StillEmployed,Active,D&A,Simon Roup,4,Indeed,Fully Meets,3.04,3,6,1/22/2019,0,2
"Crimmings,   Jean",10132,0,0,2,2.024519802,0.636694823,0.355579973,0.049351342,0.65545189,0.327441774,56149,0,19,Production Technician I,MA,1821,04-10-1987,F,Single,US Citizen,No,07-06-2016,,N/A-StillEmployed,Active,D&A,Michael Albert,22,LinkedIn,Fully Meets,4.12,5,0,1/28/2019,0,15
"Cross, Noah",10083,0,1,1,2.987567685,0.791816112,0.52755431,0.900389209,0.107119471,0.660688583,92329,0,28,Sr. Network Engineer,CT,6278,09-09-1965,M ,Single,US Citizen,No,11-10-2014,,N/A-StillEmployed,Active,D&A,Peter Monroe,7,Employee Referral,Fully Meets,5,3,4,01-02-2019,0,5
"Daneault, Lynn",10099,0,0,1,2.644923668,0.7999299,0.35349463,0.85748638,0.628373146,0.005639611,65729,0,21,Sales Manager,VT,5473,04/19/90,F,Single,US Citizen,No,05-05-2014,,N/A-StillEmployed,Active,D&A,Debra Houlihan,15,Indeed,Fully Meets,4.62,4,0,1/24/2019,0,8
"Daniele, Ann  ",10212,1,0,3,1.762929439,0.026242493,0.290129987,0.546514776,0.463829968,0.436212216,85028,0,28,Sr. Network Engineer,CT,6033,01/18/52,F,Married,US Citizen,No,11-10-2014,,N/A-StillEmployed,Active,D&A,Peter Monroe,7,LinkedIn,Fully Meets,3.1,5,8,02-12-2019,0,19
"Darson, Jene'ya ",10056,1,0,1,2.28099849,0.620687444,0.510987862,0.548718954,0.346831196,0.253773034,57583,0,19,Production Technician I,MA,2110,11-05-1978,F,Married,US Citizen,No,07-02-2012,,N/A-StillEmployed,Active,D&A,Elijiah Gray,16,Indeed,Fully Meets,5,3,0,2/25/2019,0,1
"Davis, Daniel",10143,0,1,1,4.18127062,0.782880099,0.580553983,0.881041896,0.953958522,0.98283612,56294,0,20,Production Technician II,MA,2458,09/14/79,M ,Single,Eligible NonCitizen,No,11-07-2011,,N/A-StillEmployed,Active,D&A,Kissy Sullivan,20,LinkedIn,Fully Meets,3.96,4,0,2/27/2019,0,6
"Dee, Randy",10311,1,1,1,2.707862507,0.659455112,0.049550168,0.807229482,0.31258289,0.879044855,56991,0,19,Production Technician I,MA,2138,04/15/88,M ,Married,US Citizen,No,07-09-2018,,N/A-StillEmployed,Active,D&A,Brannon Miller,12,Indeed,Fully Meets,4.3,4,3,1/31/2019,2,2
"DeGweck,  James",10070,1,1,5,1.917749903,0.734331245,0.67026943,0.236660037,0.225922221,0.05056697,55722,1,19,Production Technician I,MA,1810,10/31/77,M ,Married,US Citizen,No,5/16/2011,06-08-2016,unhappy,Active,D&A,Webster Butler,39,Indeed,Fully Meets,5,4,0,04-02-2016,0,14
"Del Bosque, Keyla",10155,0,0,1,2.430994436,0.111197536,0.539545298,0.928887068,0.332956118,0.518408415,101199,0,24,Software Engineer,MA,2176,07-05-1979,F,Single,US Citizen,No,01-09-2012,,N/A-StillEmployed,Active,D&A,Alex Sweetwater,10,CareerBuilder,Fully Meets,3.79,5,5,1/25/2019,0,8
"Delarge, Alex",10306,0,1,1,3.206735401,0.913573498,0.487531094,0.456555296,0.621281917,0.727793597,61568,0,3,Area Sales Manager,AL,36006,11-02-1975,M ,Single,US Citizen,No,9/29/2014,,N/A-StillEmployed,Active,D&A,John Smith,17,Indeed,PIP,1.93,3,0,1/30/2019,6,5
"Demita, Carla",10100,0,0,5,2.630868452,0.797511516,0.213222235,0.31147161,0.772742189,0.535920902,58275,1,20,Production Technician II,MA,2343,02/25/51,F,Separated,US Citizen,No,04-04-2011,11-04-2015,more money,Active,D&A,Kelley Spirea,18,Google Search,Fully Meets,4.62,5,0,05-06-2015,0,1
"Desimone, Carl ",10310,1,1,1,2.339820975,0.631957895,0.024164395,0.094940826,0.617955488,0.970802371,53189,0,19,Production Technician I,MA,2061,04/19/67,M ,Married,US Citizen,No,07-07-2014,,N/A-StillEmployed,Active,D&A,Amy Dunn,11,Indeed,PIP,1.12,2,0,1/31/2019,4,9
"DeVito, Tommy",10197,0,1,1,2.410835877,0.293005994,0.976750196,0.306063966,0.527215178,0.307800543,96820,0,4,BI Developer,MA,2045,09-04-1983,M ,Single,US Citizen,No,2/15/2017,,N/A-StillEmployed,Active,D&A,Brian Champaigne,13,Indeed,Fully Meets,3.01,5,7,1/23/2019,0,15
"Dickinson, Geoff ",10276,0,1,1,3.399395492,0.667825743,0.273151898,0.777244883,0.73710253,0.944070439,51259,0,19,Production Technician I,MA,2180,11/15/82,M ,Single,US Citizen,No,05-12-2014,,N/A-StillEmployed,Active,D&A,Ketsia Liebig,19,Indeed,Fully Meets,4.3,4,0,2/19/2019,0,1
"Dietrich, Jenna  ",10304,0,0,1,2.447205657,0.162357452,0.531745628,0.989800138,0.400588067,0.362714372,59231,0,3,Area Sales Manager,WA,98052,05/14/87,F,Single,US Citizen,Yes,2/20/2012,,N/A-StillEmployed,Active,D&A,John Smith,17,Website,PIP,2.3,1,0,1/29/2019,2,17
"DiNocco, Lily ",10284,1,0,1,2.241451712,0.715768764,0.115457771,0.03070743,0.51058767,0.868930078,61584,0,19,Production Technician I,MA,2351,12-02-1978,F,Married,US Citizen,No,01-07-2013,,N/A-StillEmployed,Active,D&A,Brannon Miller,12,Indeed,Needs Improvement,3.88,4,0,1/18/2019,0,6
"Dobrin, Denisa  S",10207,0,0,1,3.124513371,0.494996245,0.753688204,0.336794431,0.68339027,0.85564422,46335,0,19,Production Technician I,MA,2125,10-07-1986,F,Single,US Citizen,Yes,04-02-2012,,N/A-StillEmployed,Active,D&A,David Stanley,14,CareerBuilder,Fully Meets,3.4,5,0,2/19/2019,0,15
"Dolan, Linda",10133,1,0,1,2.838333296,0.863806852,0.766057089,0.007749375,0.975718027,0.225001954,70621,0,14,IT Support,MA,2119,07/18/88,F,Married,US Citizen,No,01-05-2015,,N/A-StillEmployed,Active,D&A,Peter Monroe,7,Employee Referral,Fully Meets,4.11,4,6,2/25/2019,0,16
"Dougall, Eric",10028,0,1,1,1.914943076,0.483724953,0.465904702,0.326109537,0.424491516,0.214712368,138888,0,13,IT Manager - Support,MA,1886,07-09-1970,M ,Single,US Citizen,No,01-05-2014,,N/A-StillEmployed,Active,D&A,Jennifer Zamora,5,Indeed,Exceeds,4.3,5,5,01-04-2019,0,4
"Driver, Elle",10006,0,0,1,2.093689218,0.546092184,0.74638533,0.199567471,0.026254898,0.575389335,74241,0,3,Area Sales Manager,CA,90007,11-08-1988,F,Single,US Citizen,No,01-10-2011,,N/A-StillEmployed,Active,D&A,Lynn Daneault,21,Indeed,Exceeds,4.77,5,0,1/27/2019,0,14
"Dunn, Amy  ",10105,0,0,1,1.189556064,0.455938638,0.172573787,0.261731304,0.140321233,0.158991102,75188,0,18,Production Manager,MA,1731,11/28/73,F,Single,US Citizen,No,9/18/2014,,N/A-StillEmployed,Active,D&A,Janet King,2,Google Search,Fully Meets,4.52,4,0,1/15/2019,0,4
"Dunne, Amy",10211,1,0,1,1.538921533,0.316107698,0.632242235,0.470551381,0.051079171,0.068941047,62514,0,19,Production Technician I,MA,1749,09/23/73,F,Married,US Citizen,No,4/26/2010,,N/A-StillEmployed,Active,D&A,Ketsia Liebig,19,Google Search,Fully Meets,2.9,3,0,1/21/2019,0,6
"Eaton, Marianne",10064,1,0,5,2.28896481,0.195922183,0.022864582,0.530913294,0.732746573,0.806518179,60070,1,19,Production Technician I,MA,2343,09-05-1991,F,Married,US Citizen,No,04-04-2011,06-06-2017,military,Active,D&A,Kissy Sullivan,20,Google Search,Fully Meets,5,3,0,04-09-2017,0,7
"Engdahl, Jean",10247,0,1,1,1.903246984,0.257820884,0.006929902,0.460832891,0.37798487,0.799678436,48888,0,19,Production Technician I,MA,2026,05/31/74,M ,Single,US Citizen,No,11-10-2014,,N/A-StillEmployed,Active,D&A,Kelley Spirea,18,LinkedIn,Fully Meets,4.7,5,0,2/13/2019,0,8
"England, Rex",10235,1,1,1,1.654516251,0.094833641,0.208286839,0.303545134,0.88588626,0.161964377,54285,0,19,Production Technician I,MA,2045,08/25/78,M ,Married,US Citizen,No,3/31/2014,,N/A-StillEmployed,Active,D&A,Kelley Spirea,18,Employee Referral,Fully Meets,4.2,3,0,01-11-2019,0,3
"Erilus, Angela",10299,0,0,1,3.781283962,0.952341393,0.974168858,0.845493685,0.758558208,0.250721818,56847,0,20,Production Technician II,MA,2133,08/25/89,F,Separated,US Citizen,No,07-07-2014,,N/A-StillEmployed,Active,D&A,Michael Albert,22,Indeed,PIP,3,1,0,2/25/2019,2,5
"Estremera, Miguel",10280,0,1,4,2.321995225,0.9510619,0.097058204,0.065941446,0.417817907,0.790115768,60340,1,19,Production Technician I,MA,2129,09-02-1983,M ,Single,US Citizen,No,04-02-2012,9/27/2018,attendance,Active,D&A,Michael Albert,22,Google Search,Needs Improvement,5,4,0,04-12-2018,5,16
"Evensen, April",10296,0,0,4,1.474698087,0.351969182,0.01297105,0.652368376,0.317139848,0.14024963,59124,1,19,Production Technician I,MA,2458,05-06-1989,F,Single,US Citizen,No,2/17/2014,2/25/2018,"no-call, no-show",Active,D&A,Elijiah Gray,16,Google Search,Needs Improvement,2.3,3,0,1/15/2017,5,19
"Exantus, Susan",10290,1,0,4,2.944967963,0.488400349,0.555703972,0.435807238,0.642720601,0.822335803,99280,1,24,Software Engineer,MA,1749,05/15/87,F,Married,US Citizen,No,05-02-2011,06-05-2013,attendance,Active,D&A,Alex Sweetwater,10,Indeed,Needs Improvement,2.1,5,4,08-10-2012,4,19
"Faller, Megan ",10263,1,0,1,3.606049646,0.944909359,0.169002199,0.922853915,0.822940121,0.746344052,71776,0,20,Production Technician II,MA,1824,09/22/78,F,Married,US Citizen,No,07-07-2014,,N/A-StillEmployed,Active,D&A,Elijiah Gray,16,LinkedIn,Fully Meets,4.4,5,0,2/22/2019,0,17
"Fancett, Nicole",10136,0,0,1,3.31770403,0.955868459,0.715976761,0.678933815,0.52735994,0.439565055,65902,0,20,Production Technician II,MA,2324,09/27/87,F,Single,US Citizen,No,2/17/2014,,N/A-StillEmployed,Active,D&A,Webster Butler,,LinkedIn,Fully Meets,4,4,0,01-07-2019,0,7
"Ferguson, Susan",10189,1,0,5,2.076921257,0.312485645,0.602214898,0.541494448,0.154050721,0.466675545,57748,1,19,Production Technician I,MA,2176,04/14/55,F,Married,US Citizen,No,11-07-2011,5/17/2016,military,Active,D&A,Webster Butler,39,Google Search,Fully Meets,3.13,3,0,02-04-2016,0,16
"Ferdes, Nilson  ",10308,1,1,1,2.821277728,0.954139626,0.682063453,0.140461288,0.228025441,0.816587919,64057,0,19,Production Technician I,MA,2132,10/18/89,M ,Married,US Citizen,No,05-11-2015,,N/A-StillEmployed,Active,D&A,Amy Dunn,11,Indeed,PIP,1.56,5,0,01-03-2019,6,15
"Fett, Boba",10309,0,1,1,2.7632787,0.623267659,0.695600748,0.249689809,0.364789489,0.829930995,53366,0,15,Network Engineer,MA,2138,06/18/87,M ,Single,US Citizen,No,3/30/2015,,N/A-StillEmployed,Active,D&A,Peter Monroe,7,LinkedIn,PIP,1.2,3,6,02-04-2019,3,2
"Fidelia,  Libby",10049,1,0,1,3.141953352,0.668126828,0.605312014,0.643766383,0.425232894,0.799515233,58530,0,19,Production Technician I,MA,2155,03/16/81,F,Married,US Citizen,No,01-09-2012,,N/A-StillEmployed,Active,D&A,Brannon Miller,12,Google Search,Fully Meets,5,5,0,1/29/2019,0,19
"Fitzpatrick, Michael  J",10093,0,1,5,2.743489239,0.141400167,0.904636309,0.590191179,0.198006023,0.909255562,72609,1,20,Production Technician II,MA,2143,10-01-1981,M ,Single,US Citizen,Yes,5/16/2011,6/24/2013,hours,Active,D&A,Amy Dunn,11,Google Search,Fully Meets,4.76,5,0,04-05-2013,0,20
"Foreman, Tanya",10163,1,0,5,3.73496987,0.936396811,0.932403531,0.538804951,0.481330892,0.846033685,55965,1,20,Production Technician II,MA,2170,11-08-1983,F,Married,US Citizen,No,04-04-2011,01-09-2013,career change,Active,D&A,Ketsia Liebig,19,Google Search,Fully Meets,3.66,3,0,01-07-2012,0,6
"Forrest, Alex",10305,1,1,1,1.86975559,0.509678692,0.664346532,0.238366512,0.297279254,0.160084599,70187,1,3,Area Sales Manager,MA,2330,07-07-1975,M ,Married,US Citizen,No,9/29/2014,8/19/2018,Fatal attraction,Active,D&A,Lynn Daneault,21,Employee Referral,PIP,2,5,0,1/28/2019,4,7
"Foss, Jason",10015,0,1,1,2.592129785,0.753675712,0.45812192,0.07373928,0.465262783,0.84133009,178000,0,12,IT Director,MA,1460,07-05-1980,M ,Single,US Citizen,No,4/15/2011,,N/A-StillEmployed,Active,D&A,Jennifer Zamora,5,Indeed,Exceeds,5,5,5,01-07-2019,0,15
"Foster-Baker, Amy",10080,1,0,1,2.191771917,0.967985534,0.269093099,0.038266275,0.758903336,0.157523673,99351,0,26,Sr. Accountant,MA,2050,04/16/79,F,Married,US Citizen,no,01-05-2009,,N/A-StillEmployed,Active,D&A,Board of Directors,9,Other,Fully Meets,5,3,2,02-08-2019,0,3
"Fraval, Maruk ",10258,0,1,1,1.342275907,0.302015393,0.078993685,0.034479884,0.578854429,0.347932516,67251,0,3,Area Sales Manager,CT,6050,08/28/63,M ,Single,US Citizen,No,09-06-2011,,N/A-StillEmployed,Active,D&A,Lynn Daneault,21,CareerBuilder,Fully Meets,4.3,3,0,1/27/2019,2,7
"Galia, Lisa",10273,0,0,1,1.798925301,0.090297698,0.342149359,0.828616686,0.330552602,0.207308955,65707,0,14,IT Support,CT,6040,07-06-1968,F,Single,US Citizen,No,05-01-2010,,N/A-StillEmployed,Active,D&A,Eric Dougall,6,LinkedIn,Fully Meets,4.7,4,5,02-01-2019,0,1
"Garcia, Raul",10111,0,1,1,2.101981403,0.028099303,0.738305359,0.465639997,0.771133439,0.098803305,52249,0,19,Production Technician I,MA,1905,09/15/85,M ,Single,US Citizen,Yes,3/30/2015,,N/A-StillEmployed,Active,D&A,David Stanley,14,Employee Referral,Fully Meets,4.5,3,0,2/18/2019,0,5
"Gaul, Barbara",10257,0,0,1,2.253220986,0.127690902,0.891763114,0.76778288,0.114761358,0.351222731,53171,0,19,Production Technician I,MA,2121,12-02-1983,F,Single,US Citizen,Yes,5/16/2011,,N/A-StillEmployed,Active,D&A,Kelley Spirea,18,LinkedIn,Fully Meets,4.2,4,0,2/26/2019,0,12
"Gentry, Mildred",10159,1,0,1,2.101364374,0.156526453,0.189600096,0.947209896,0.159229849,0.648798079,51337,0,19,Production Technician I,MA,2145,10-01-1990,F,Married,US Citizen,No,3/30/2015,,N/A-StillEmployed,Active,D&A,Michael Albert,22,LinkedIn,Fully Meets,3.73,3,0,1/16/2019,0,19
"Gerke, Melisa",10122,0,0,5,1.350130374,0.204272848,0.286674259,0.16956947,0.014468615,0.675145182,51505,1,19,Production Technician I,MA,2330,05/15/70,F,Divorced,US Citizen,No,11-07-2011,11/15/2016,hours,Active,D&A,Elijiah Gray,16,Diversity Job Fair,Fully Meets,4.24,4,0,4/29/2016,0,2
"Gill, Whitney  ",10142,0,0,4,3.281412838,0.755197129,0.841344032,0.69983117,0.669097773,0.315942734,59370,1,3,Area Sales Manager,OH,43050,07-10-1971,F,Widowed,US Citizen,No,07-07-2014,09-05-2015,attendance,Active,D&A,John Smith,17,CareerBuilder,Fully Meets,3.97,4,0,1/15/2014,0,7
"Gilles, Alex",10283,1,1,5,2.134613434,0.08918644,0.708019851,0.917309475,0.178872793,0.241224875,54933,1,19,Production Technician I,MA,2062,08-09-1974,M ,Married,US Citizen,No,04-02-2012,6/25/2015,military,Active,D&A,Webster Butler,39,Diversity Job Fair,Needs Improvement,3.97,4,0,1/20/2015,3,15
"Girifalco, Evelyn",10018,0,0,1,1.945464527,0.076201804,0.556168452,0.042387925,0.395479068,0.875227278,57815,0,19,Production Technician I,MA,2451,05-08-1980,F,Single,US Citizen,Yes,9/29/2014,,N/A-StillEmployed,Active,D&A,Amy Dunn,11,Indeed,Exceeds,3.9,4,0,02-07-2019,0,3
"Givens, Myriam",10255,0,0,1,2.545721173,0.33635,0.749205689,0.899297026,0.089746619,0.471121839,61555,0,3,Area Sales Manager,IN,46204,09/22/89,F,Single,US Citizen,No,2/16/2015,,N/A-StillEmployed,Active,D&A,Lynn Daneault,21,Indeed,Fully Meets,4.5,5,0,1/25/2019,0,20
"Goble, Taisha",10246,0,0,4,2.350438713,0.869235683,0.738593066,0.120472496,0.597262575,0.024874893,114800,1,8,Database Administrator,MA,2127,10/23/71,F,Single,US Citizen,No,2/16/2015,3/15/2015,"no-call, no-show",Active,D&A,Simon Roup,4,Indeed,Fully Meets,4.6,4,4,1/20/2015,0,10
"Goeth, Amon",10228,1,1,1,1.6536247,0.034610555,0.894767563,0.382547172,0.056645657,0.285053752,74679,0,14,IT Support,MA,2135,11/24/89,M ,Married,US Citizen,Yes,3/30/2015,,N/A-StillEmployed,Active,D&A,Peter Monroe,7,LinkedIn,Fully Meets,4.3,5,7,01-10-2019,0,20
"Gold, Shenice  ",10243,0,0,1,2.091134336,0.79801972,0.253699739,0.697452502,0.123114313,0.218848062,53018,0,19,Production Technician I,MA,2451,06/18/92,F,Single,US Citizen,Yes,11-11-2013,,N/A-StillEmployed,Active,D&A,Ketsia Liebig,19,Indeed,Fully Meets,4.3,5,0,2/18/2019,0,7
"Gonzalez, Cayo",10031,0,1,1,2.645405113,0.958245115,0.783879144,0.396204062,0.130202952,0.37687384,59892,0,19,Production Technician I,MA,2108,09/29/69,M ,Divorced,US Citizen,No,07-11-2011,,N/A-StillEmployed,Active,D&A,Brannon Miller,12,Diversity Job Fair,Exceeds,4.5,4,0,2/18/2019,0,1
"Gonzalez, Juan",10300,1,1,5,1.202300262,0.012815006,0.290831996,0.067738071,0.212953448,0.617961742,68898,1,20,Production Technician II,MA,2128,10-12-1964,M ,Married,US Citizen,No,4/26/2010,5/30/2011,career change,Active,D&A,Brannon Miller,12,Diversity Job Fair,PIP,3,3,0,03-06-2011,3,10
"Gonzalez, Maria",10101,0,0,1,2.4665855,0.037465203,0.879743817,0.800825548,0.064893839,0.683657094,61242,0,14,IT Support,MA,2472,04/16/81,F,Separated,US Citizen,Yes,01-05-2015,,N/A-StillEmployed,Active,D&A,Peter Monroe,7,Employee Referral,Fully Meets,4.61,4,5,1/28/2019,0,11
"Good, Susan",10237,1,0,3,3.640044642,0.505688161,0.455393617,0.923210456,0.838883188,0.91686922,66825,0,20,Production Technician II,MA,1886,05/25/86,F,Married,US Citizen,No,05-12-2014,,N/A-StillEmployed,Active,D&A,David Stanley,14,LinkedIn,Fully Meets,4.6,3,0,02-07-2019,0,20
"Gordon, David",10051,1,1,1,3.055048739,0.737539737,0.67496828,0.825204037,0.172559856,0.644776829,48285,0,19,Production Technician I,MA,2169,05/21/79,M ,Married,US Citizen,No,07-02-2012,,N/A-StillEmployed,Active,D&A,David Stanley,14,LinkedIn,Fully Meets,5,3,0,1/14/2019,0,2
"Gosciminski, Phylicia  ",10218,0,0,3,2.136413519,0.44671493,0.412294422,0.29203969,0.672606902,0.312757575,66149,0,20,Production Technician II,MA,1824,12-08-1983,F,Separated,US Citizen,No,9/30/2013,,N/A-StillEmployed,Active,D&A,Kissy Sullivan,20,Google Search,Fully Meets,4.4,5,0,2/21/2019,0,1
"Goyal, Roxana",10256,1,0,3,1.985287903,0.503392223,0.079278842,0.506012003,0.249014897,0.647589938,49256,0,19,Production Technician I,MA,1864,10-09-1974,F,Married,US Citizen,No,8/19/2013,,N/A-StillEmployed,Active,D&A,Kissy Sullivan,20,LinkedIn,Fully Meets,4.1,5,0,2/15/2019,0,3
"Gray, Elijiah  ",10098,0,1,1,2.070376465,0.248957772,0.778716115,0.408498066,0.108858232,0.52534628,62957,0,18,Production Manager,MA,1752,07-11-1981,M ,Divorced,US Citizen,No,06-02-2015,,N/A-StillEmployed,Active,D&A,Janet King,2,Employee Referral,Fully Meets,4.63,3,0,01-04-2019,0,2
"Gross, Paula",10059,0,0,5,2.423262634,0.019641081,0.737111375,0.718897453,0.805510424,0.1421023,63813,1,19,Production Technician I,MA,2176,05/21/83,F,Divorced,US Citizen,No,2/21/2011,01-11-2014,more money,Active,D&A,Kelley Spirea,18,CareerBuilder,Fully Meets,5,5,0,06-03-2013,0,17
"Gruber, Hans",10234,1,1,1,2.310001199,0.984337823,0.207484235,0.720986515,0.077742092,0.319450535,99020,0,4,BI Developer,MA,2134,06/30/89,M ,Married,US Citizen,No,4/20/2017,,N/A-StillEmployed,Active,D&A,Brian Champaigne,13,Indeed,Fully Meets,4.2,5,5,1/28/2019,0,8
"Guilianno, Mike",10109,0,1,5,2.899511229,0.667633247,0.375621217,0.665984109,0.414759982,0.775512674,71707,1,3,Area Sales Manager,TN,37129,02-09-1969,M ,Single,US Citizen,No,03-07-2012,10/31/2014,relocation out of area,Active,D&A,John Smith,17,LinkedIn,Fully Meets,4.5,5,0,02-01-2013,0,20
"Handschiegl, Joanne",10125,1,0,1,1.049715399,0.127267144,0.118031096,0.002004485,0.49787969,0.304532985,54828,0,19,Production Technician I,MA,2127,03/23/77,F,Married,US Citizen,No,11/28/2011,,N/A-StillEmployed,Active,D&A,Michael Albert,22,Google Search,Fully Meets,4.2,4,0,2/22/2019,0,13
"Hankard, Earnest",10074,0,1,1,2.197566962,0.052504719,0.20240653,0.812116861,0.679929143,0.450609709,64246,0,20,Production Technician II,MA,2155,08-10-1988,M ,Single,US Citizen,Yes,11-11-2013,,N/A-StillEmployed,Active,D&A,Kelley Spirea,18,LinkedIn,Fully Meets,5,3,0,01-08-2019,0,20
"Harrington, Christie ",10097,0,0,5,2.188587747,0.833930216,0.291667128,0.187869042,0.330664802,0.54445656,52177,1,19,Production Technician I,MA,2324,08/18/52,F,Single,US Citizen,No,01-09-2012,12/15/2015,retiring,Active,D&A,Webster Butler,39,CareerBuilder,Fully Meets,4.64,4,0,05-02-2015,0,8
"Harrison, Kara",10007,1,0,1,3.920302119,0.932021082,0.952504718,0.645470484,0.660367231,0.729938604,62065,0,19,Production Technician I,MA,1886,05-02-1974,F,Married,US Citizen,No,05-12-2014,,N/A-StillEmployed,Active,D&A,Amy Dunn,11,CareerBuilder,Exceeds,4.76,4,0,2/15/2019,0,5
"Heitzman, Anthony",10129,0,1,1,2.366479744,0.303198797,0.389403329,0.616013767,0.754710839,0.303153012,46998,0,19,Production Technician I,MA,2149,01-04-1984,M ,Single,US Citizen,No,8/13/2012,,N/A-StillEmployed,Active,D&A,Ketsia Liebig,19,Google Search,Fully Meets,4.17,4,0,02-11-2019,0,1
"Hendrickson, Trina",10075,0,0,5,1.458944159,0.74765033,0.130440112,0.13715122,0.105435196,0.338267301,68099,1,20,Production Technician II,MA,2021,08/27/72,F,Single,US Citizen,No,01-10-2011,6/18/2013,hours,Active,D&A,Kelley Spirea,18,CareerBuilder,Fully Meets,5,3,0,1/30/2013,0,15
"Hitchcock, Alfred",10167,1,1,1,3.067543497,0.384053185,0.585903063,0.868777221,0.690414931,0.538395097,70545,0,3,Area Sales Manager,NH,3062,09/14/88,M ,Married,US Citizen,No,8/18/2014,,N/A-StillEmployed,Active,D&A,John Smith,17,Indeed,Fully Meets,3.6,5,0,1/30/2019,0,9
"Homberger, Adrienne  J",10195,1,0,5,3.017213283,0.143343546,0.752153526,0.697314103,0.947077769,0.477324338,63478,1,20,Production Technician II,MA,2445,02/16/84,F,Married,Non-Citizen,No,8/15/2011,04-07-2012,relocation out of area,Active,D&A,Michael Albert,30,Indeed,Fully Meets,3.03,5,0,03-05-2012,0,16
"Horton, Jayne",10112,0,0,1,2.421622162,0.357181426,0.232037015,0.639986155,0.501599657,0.69081791,97999,0,8,Database Administrator,MA,2493,02/21/84,F,Single,US Citizen,No,3/30/2015,,N/A-StillEmployed,Active,D&A,Simon Roup,4,Indeed,Fully Meets,4.48,5,6,01-03-2019,0,4
"Houlihan, Debra",10272,1,0,1,2.185179733,0.045251578,0.216793076,0.395151889,0.885316537,0.642666654,180000,0,11,Director of Sales,RI,2908,03/17/66,F,Married,US Citizen,No,05-05-2014,,N/A-StillEmployed,Active,D&A,Janet King,2,LinkedIn,Fully Meets,4.5,4,0,1/21/2019,0,19
"Howard, Estelle",10182,1,0,1,1.758804759,0.774901893,0.441764437,0.15285008,0.257325284,0.131963065,49920,1,2,Administrative Assistant,MA,2170,09/16/85,F,Married,US Citizen,No,2/16/2015,4/15/2015,"no-call, no-show",Active,D&A,Brandon R. LeBlanc,1,Indeed,Fully Meets,3.24,3,4,4/15/2015,0,6
"Hudson, Jane",10248,0,0,1,2.538252703,0.742187351,0.243473321,0.859205727,0.653089497,0.040296807,55425,0,19,Production Technician I,MA,2176,06-10-1986,F,Single,US Citizen,No,2/20/2012,,N/A-StillEmployed,Active,D&A,Ketsia Liebig,19,LinkedIn,Fully Meets,4.8,4,0,01-07-2019,0,4
"Hunts, Julissa",10201,0,0,2,2.488448469,0.470664927,0.205580521,0.542188659,0.841990557,0.428023805,69340,0,20,Production Technician II,MA,2021,03-11-1984,F,Single,US Citizen,No,06-06-2016,,N/A-StillEmployed,Active,D&A,Elijiah Gray,16,LinkedIn,Fully Meets,3,5,0,1/18/2019,0,4
"Hutter, Rosalie",10214,0,0,2,1.948941222,0.424217571,0.219991058,0.517603344,0.187177087,0.599952162,64995,0,20,Production Technician II,MA,2351,05-07-1992,F,Separated,US Citizen,No,06-05-2015,,N/A-StillEmployed,Active,D&A,Webster Butler,,Indeed,Fully Meets,4.5,3,0,2/14/2019,0,6
"Huynh, Ming",10160,0,0,5,2.038724775,0.490868834,0.277575752,0.213426957,0.832652104,0.224201129,68182,1,20,Production Technician II,MA,1742,09/22/76,F,Divorced,US Citizen,No,2/21/2011,04-01-2013,unhappy,Active,D&A,Amy Dunn,11,Google Search,Fully Meets,3.72,3,0,02-01-2013,0,18
"Immediato, Walter",10289,1,1,5,2.518311015,0.87787165,0.284377871,0.249546177,0.460929873,0.645585445,83082,1,18,Production Manager,MA,2128,11/15/76,M ,Married,US Citizen,No,2/21/2011,9/24/2012,unhappy,Active,D&A,Janet King,2,Indeed,Needs Improvement,2.34,2,0,04-12-2012,3,4
"Ivey, Rose ",10139,0,0,1,3.620347194,0.835177617,0.613932486,0.93967491,0.816116247,0.415445933,51908,0,19,Production Technician I,MA,1775,01/28/91,F,Single,US Citizen,No,8/19/2013,,N/A-StillEmployed,Active,D&A,Brannon Miller,12,Indeed,Fully Meets,3.99,3,0,1/14/2019,0,14
"Jackson, Maryellen",10227,0,0,1,2.317652577,0.69857237,0.08680217,0.493253024,0.808378767,0.230646247,61242,0,19,Production Technician I,MA,2081,09-11-1972,F,Single,US Citizen,No,11-05-2012,,N/A-StillEmployed,Active,D&A,David Stanley,14,LinkedIn,Fully Meets,4.1,3,0,1/17/2019,0,7
"Jacobi, Hannah  ",10236,0,0,1,2.400887827,0.353797384,0.717266682,0.377997635,0.609345739,0.342480387,45069,0,19,Production Technician I,MA,1778,03/22/66,F,Divorced,US Citizen,No,9/30/2013,,N/A-StillEmployed,Active,D&A,Kissy Sullivan,20,Employee Referral,Fully Meets,4.3,5,0,2/22/2019,0,7
"Jeannite, Tayana",10009,0,0,1,1.715362941,0.247983957,0.542207879,0.206691324,0.253196962,0.465282819,60724,0,20,Production Technician II,MA,1821,11-06-1986,F,Divorced,US Citizen,No,07-05-2011,,N/A-StillEmployed,Active,D&A,Ketsia Liebig,19,LinkedIn,Exceeds,4.6,4,0,2/25/2019,0,11
"Jhaveri, Sneha  ",10060,0,0,1,3.586356501,0.472633486,0.904147922,0.672725501,0.860319331,0.676530261,60436,0,19,Production Technician I,MA,2109,04/13/64,F,Separated,US Citizen,No,01-06-2014,,N/A-StillEmployed,Active,D&A,Kelley Spirea,18,LinkedIn,Fully Meets,5,5,0,1/21/2019,0,9
"Johnson, George",10034,1,1,5,2.833383777,0.5257178,0.60670604,0.6291505,0.838016685,0.233792752,46837,1,19,Production Technician I,MA,2445,08/19/59,M ,Married,US Citizen,No,11-07-2011,4/29/2018,more money,Active,D&A,Michael Albert,22,CareerBuilder,Exceeds,4.7,4,0,2/14/2018,0,9
"Johnson, Noelle ",10156,1,0,3,3.013447425,0.510589076,0.761254059,0.232080389,0.725098583,0.784425317,105700,0,8,Database Administrator,MA,2301,11-07-1986,F,Married,US Citizen,No,01-05-2015,,N/A-StillEmployed,Active,D&A,Simon Roup,4,Indeed,Fully Meets,3.75,3,5,02-11-2019,0,2
"Johnston, Yen",10036,0,0,1,1.716184011,0.164192842,0.167056122,0.101664148,0.765821987,0.517448911,63322,0,20,Production Technician II,MA,2128,09-08-1969,F,Single,US Citizen,No,07-07-2014,,N/A-StillEmployed,Active,D&A,Brannon Miller,12,LinkedIn,Exceeds,4.3,3,0,01-11-2019,0,1
"Jung, Judy  ",10138,1,0,5,3.075102416,0.645851553,0.246650119,0.659675503,0.827174656,0.695750585,61154,1,19,Production Technician I,MA,2446,04/17/86,F,Married,US Citizen,No,01-10-2011,04-01-2016,unhappy,Active,D&A,Elijiah Gray,16,CareerBuilder,Fully Meets,4,4,0,02-03-2016,0,4
"Kampew, Donysha",10244,0,0,5,3.276018422,0.9026,0.56306931,0.314415879,0.59940284,0.896530393,68999,1,21,Sales Manager,PA,19444,11-11-1989,F,Single,US Citizen,No,11-07-2011,4/24/2014,maternity leave - did not return,Active,D&A,Debra Houlihan,15,Google Search,Fully Meets,4.5,5,0,3/30/2013,0,2
"Keatts, Kramer ",10192,0,1,1,1.245225262,0.063206084,0.108049715,0.43812651,0.33456946,0.301273493,50482,0,19,Production Technician I,MA,1887,01/19/76,M ,Single,US Citizen,No,9/30/2013,,N/A-StillEmployed,Active,D&A,Michael Albert,22,Indeed,Fully Meets,3.07,4,0,1/23/2019,0,10
"Khemmich, Bartholemew",10231,0,1,1,1.682782748,0.485767283,0.577929214,0.324886972,0.01591969,0.278279589,65310,0,3,Area Sales Manager,CO,80820,11/27/79,M ,Single,US Citizen,No,8/19/2013,,N/A-StillEmployed,Active,D&A,Lynn Daneault,21,Indeed,Fully Meets,4.3,5,0,1/22/2019,0,13
"King, Janet",10089,1,0,1,2.145102616,0.121205035,0.991597095,0.185275034,0.092500823,0.754524629,250000,0,16,President & CEO,MA,1902,09/21/54,F,Married,US Citizen,Yes,07-02-2012,,N/A-StillEmployed,Active,D&A,Board of Directors,9,Indeed,Fully Meets,4.83,3,0,1/17/2019,0,10
"Kinsella, Kathleen  ",10166,1,0,5,1.374761338,0.373344761,0.253966451,0.477561958,0.198221918,0.071666249,54005,1,19,Production Technician I,MA,2170,12-08-1973,F,Married,US Citizen,No,9/26/2011,06-04-2015,more money,Active,D&A,Webster Butler,39,Google Search,Fully Meets,3.6,5,0,03-01-2015,0,16
"Kirill, Alexandra  ",10170,1,0,5,2.656784294,0.017571158,0.864822803,0.835853067,0.502344501,0.436192765,45433,1,19,Production Technician I,MA,2127,10-08-1970,F,Married,US Citizen,No,9/26/2011,01-09-2014,more money,Active,D&A,Amy Dunn,11,Google Search,Fully Meets,3.49,4,0,1/30/2013,0,6
"Knapp, Bradley  J",10208,0,1,1,2.250688162,0.248901606,0.395411527,0.787028621,0.437675812,0.381670596,46654,0,19,Production Technician I,MA,1721,11-10-1977,M ,Single,US Citizen,No,2/17/2014,,N/A-StillEmployed,Active,D&A,Ketsia Liebig,19,LinkedIn,Fully Meets,3.1,3,0,02-06-2019,0,3
"Kretschmer, John",10176,1,1,1,2.278658415,0.206158608,0.885887844,0.3419146,0.178127208,0.666570155,63973,0,19,Production Technician I,MA,1801,02-02-1980,M ,Married,US Citizen,No,01-10-2011,,N/A-StillEmployed,Active,D&A,Brannon Miller,12,Indeed,Fully Meets,3.38,3,0,1/21/2019,0,17
"Kreuger, Freddy",10165,0,1,1,1.91725378,0.508567218,0.8330198,0.44224044,0.056756637,0.076669685,71339,0,3,Area Sales Manager,NY,10171,02/24/69,M ,Single,US Citizen,Yes,03-07-2011,,N/A-StillEmployed,Active,D&A,John Smith,17,Diversity Job Fair,Fully Meets,3.65,5,0,1/17/2019,0,20
"Lajiri,  Jyoti",10113,1,1,3,1.687978398,0.66746795,0.744376611,0.020712214,0.120351123,0.1350705,93206,0,28,Sr. Network Engineer,MA,2169,04/23/86,M ,Married,US Citizen,No,11-10-2014,,N/A-StillEmployed,Active,D&A,Peter Monroe,7,Employee Referral,Fully Meets,4.46,5,6,01-07-2019,0,7
"Landa, Hans",10092,1,1,4,2.445468956,0.108886909,0.892447454,0.266034345,0.354910987,0.82318926,82758,1,18,Production Manager,MA,1890,07-01-1972,M ,Married,US Citizen,No,01-10-2011,12-12-2015,attendance,Active,D&A,Janet King,2,Employee Referral,Fully Meets,4.78,4,0,2/15/2015,0,9
"Langford, Lindsey",10106,0,0,5,2.388879953,0.27452048,0.494451642,0.487907269,0.642364511,0.489636052,66074,1,20,Production Technician II,MA,2090,07/25/79,F,Divorced,US Citizen,No,01-07-2013,3/31/2014,Another position,Active,D&A,David Stanley,14,Indeed,Fully Meets,4.52,3,0,2/20/2014,0,20
"Langton, Enrico",10052,1,1,1,2.777058193,0.867738998,0.210235085,0.336855956,0.565446511,0.796781643,46120,0,19,Production Technician I,MA,2048,12-09-1986,M ,Married,US Citizen,No,07-09-2012,,N/A-StillEmployed,Active,D&A,David Stanley,14,LinkedIn,Fully Meets,5,5,0,02-04-2019,0,13
"LaRotonda, William  ",10038,0,1,1,2.394046913,0.570585421,0.335432843,0.427229223,0.07234268,0.988456746,64520,0,1,Accountant I,MA,1460,04/26/84,M ,Divorced,US Citizen,No,01-06-2014,,N/A-StillEmployed,Active,D&A,Brandon R. LeBlanc,1,Website,Fully Meets,5,4,4,1/17/2019,0,3
"Latif, Mohammed",10249,1,1,5,2.815132318,0.100749091,0.870108811,0.873179109,0.145936865,0.825158441,61962,1,20,Production Technician II,MA,2126,05-09-1984,M ,Married,US Citizen,No,04-02-2012,4/15/2013,more money,Active,D&A,Kissy Sullivan,20,Google Search,Fully Meets,4.9,3,0,2/20/2013,0,20
"Le, Binh",10232,0,0,1,2.997477523,0.62563868,0.616809095,0.834968496,0.756441717,0.163619535,81584,0,22,Senior BI Developer,MA,1886,06/14/87,F,Single,US Citizen,No,10-02-2016,,N/A-StillEmployed,Active,D&A,Brian Champaigne,13,Indeed,Fully Meets,4.1,5,7,01-08-2019,0,2
"Leach, Dallas",10087,0,0,5,3.095599093,0.979145781,0.6385789,0.543358201,0.579782471,0.35473374,63676,1,19,Production Technician I,MA,1810,01/17/79,F,Single,US Citizen,No,9/26/2011,8/19/2018,return to school,Active,D&A,Kissy Sullivan,20,CareerBuilder,Fully Meets,4.88,3,0,07-02-2017,0,17
"LeBlanc, Brandon  R",10134,1,1,1,2.53548672,0.630930348,0.423385242,0.30858409,0.342687016,0.829900023,93046,0,23,Shared Services Manager,MA,1460,06-10-1984,M ,Married,US Citizen,No,01-05-2016,,N/A-StillEmployed,Active,D&A,Janet King,2,CareerBuilder,Fully Meets,4.1,4,0,1/28/2019,0,20
"Lecter, Hannibal",10251,1,1,1,2.845648455,0.837846262,0.038318375,0.497487004,0.564455041,0.907541774,64738,0,19,Production Technician I,MA,1776,09-02-1982,M ,Married,US Citizen,No,5/14/2012,,N/A-StillEmployed,Active,D&A,Elijiah Gray,16,Google Search,Fully Meets,4.1,3,0,2/22/2019,0,10
"Leruth, Giovanni",10103,0,1,1,2.648440646,0.559161093,0.925344219,0.206428621,0.331819736,0.625686977,70468,0,3,Area Sales Manager,UT,84111,12/27/88,M ,Separated,US Citizen,No,4/30/2012,,N/A-StillEmployed,Active,D&A,John Smith,17,Website,Fully Meets,4.53,3,0,1/29/2019,0,16
"Liebig, Ketsia",10017,1,0,1,2.938002709,0.857757023,0.748520144,0.004955962,0.409626078,0.917143503,77915,0,18,Production Manager,MA,2110,10/26/81,F,Married,US Citizen,No,9/30/2013,,N/A-StillEmployed,Active,D&A,Janet King,2,Website,Exceeds,4.1,3,0,1/21/2019,0,11
"Linares, Marilyn ",10186,1,0,5,2.924109094,0.707548305,0.184991777,0.92328283,0.496696517,0.611589665,52624,1,19,Production Technician I,MA,1886,03/26/81,F,Married,US Citizen,No,07-05-2011,9/26/2018,unhappy,Active,D&A,Michael Albert,22,Indeed,Fully Meets,3.18,4,0,03-02-2018,0,16
"Linden, Mathew",10137,1,1,3,2.446148231,0.229856215,0.90113386,0.275698163,0.990382906,0.049077088,63450,0,20,Production Technician II,MA,1770,03/19/79,M ,Married,US Citizen,No,07-08-2013,,N/A-StillEmployed,Active,D&A,Kelley Spirea,18,LinkedIn,Fully Meets,4,3,0,2/18/2019,0,7
"Lindsay, Leonara ",10008,0,0,1,1.810888554,0.628371365,0.34559203,0.67741162,0.018878398,0.14063514,51777,0,14,IT Support,CT,6070,10-05-1988,F,Single,US Citizen,Yes,1/21/2011,,N/A-StillEmployed,Active,D&A,Eric Dougall,6,Diversity Job Fair,Exceeds,4.64,4,5,1/25/2019,0,14
"Lundy, Susan",10096,0,0,5,2.545510647,0.901060409,0.375076549,0.496207207,0.209603958,0.563562524,67237,1,20,Production Technician II,MA,2122,12/26/76,F,Widowed,US Citizen,No,07-08-2013,9/15/2016,more money,Active,D&A,Michael Albert,22,LinkedIn,Fully Meets,4.65,4,0,06-10-2016,0,15
"Lunquist, Lisa",10035,0,0,1,1.931690085,0.957890872,0.318633349,0.167495369,0.110242731,0.377427764,73330,0,20,Production Technician II,MA,2324,03/28/82,F,Single,US Citizen,No,8/19/2013,,N/A-StillEmployed,Active,D&A,Elijiah Gray,16,Indeed,Exceeds,4.2,4,0,02-12-2019,0,19
"Lydon, Allison",10057,1,0,3,2.703057046,0.478684353,0.858937709,0.446071304,0.234810206,0.684553474,52057,0,19,Production Technician I,MA,2122,10/22/75,F,Married,US Citizen,No,2/16/2015,,N/A-StillEmployed,Active,D&A,Elijiah Gray,16,Website,Fully Meets,5,3,0,1/23/2019,0,6
"Lynch, Lindsay",10004,0,0,5,3.046518604,0.548133777,0.72261224,0.414658788,0.65605129,0.705062509,47434,1,19,Production Technician I,MA,1844,02/14/73,F,Single,US Citizen,Yes,11-07-2011,11/14/2015,Another position,Active,D&A,Webster Butler,39,Diversity Job Fair,Exceeds,5,4,0,02-02-2015,0,17
"MacLen, Samuel",10191,0,1,5,2.789023176,0.728185992,0.90334278,0.156491998,0.470434743,0.530567663,52788,1,19,Production Technician I,MA,1938,11-09-1972,M ,Widowed,US Citizen,No,9/24/2012,9/26/2017,hours,Active,D&A,Amy Dunn,11,Indeed,Fully Meets,3.08,4,0,04-01-2017,0,18
"Mahoney, Lauren  ",10219,0,0,1,2.808870091,0.646502753,0.446246762,0.954851381,0.023455296,0.737813899,45395,0,19,Production Technician I,MA,2189,07-07-1986,F,Single,US Citizen,No,01-06-2014,,N/A-StillEmployed,Active,D&A,Ketsia Liebig,19,LinkedIn,Fully Meets,4.6,4,0,2/26/2019,0,14
"Manchester, Robyn",10077,1,0,2,2.40094106,0.784331464,0.24782011,0.537861046,0.770585293,0.060343146,62385,0,20,Production Technician II,MA,2324,08/25/76,F,Married,US Citizen,No,05-11-2016,,N/A-StillEmployed,Active,D&A,Webster Butler,,LinkedIn,Fully Meets,5,3,0,1/21/2019,0,4
"Mancuso, Karen",10073,1,0,5,2.529245335,0.660126527,0.696703571,0.030945987,0.880504211,0.260965041,68407,1,20,Production Technician II,MA,2176,12-10-1986,F,Married,US Citizen,No,07-05-2011,8/19/2012,Another position,Active,D&A,Amy Dunn,11,LinkedIn,Fully Meets,5,4,0,07-02-2012,0,16
"Mangal, Debbie",10279,1,0,1,2.600128441,0.950292531,0.191653857,0.418870629,0.1058769,0.933434524,61349,0,19,Production Technician I,MA,2451,11-07-1974,F,Married,US Citizen,No,11-11-2013,,N/A-StillEmployed,Active,D&A,Brannon Miller,12,LinkedIn,Fully Meets,4.1,3,0,1/22/2019,0,11
"Martin, Sandra",10110,0,0,1,1.51835836,0.14982318,0.814132407,0.271003151,0.085342791,0.198056831,105688,0,24,Software Engineer,MA,2135,11-07-1987,F,Single,US Citizen,No,11-11-2013,,N/A-StillEmployed,Active,D&A,Alex Sweetwater,10,Google Search,Fully Meets,4.5,5,4,1/14/2019,0,14
"Maurice, Shana",10053,1,0,1,2.665950478,0.306223047,0.601940546,0.393029979,0.463571908,0.901184998,54132,0,19,Production Technician I,MA,2330,11/22/77,F,Married,US Citizen,No,5/31/2011,,N/A-StillEmployed,Active,D&A,David Stanley,14,Indeed,Fully Meets,5,4,0,01-10-2019,0,8
"Carthy, B'rigit",10076,0,0,1,2.8415235,0.581957499,0.769131883,0.659997016,0.6261401,0.204297002,55315,0,20,Production Technician II,MA,2149,05/21/87,F,Single,US Citizen,No,3/30/2015,,N/A-StillEmployed,Active,D&A,Ketsia Liebig,19,LinkedIn,Fully Meets,5,5,0,02-07-2019,0,16
"Mckenna, Sandy",10145,1,0,1,1.410960466,0.645883521,0.147220777,0.311468614,0.004879985,0.301507569,62810,0,19,Production Technician I,MA,2184,01-07-1987,F,Married,US Citizen,No,01-07-2013,,N/A-StillEmployed,Active,D&A,Kissy Sullivan,20,CareerBuilder,Fully Meets,3.93,3,0,1/30/2019,0,20
"McKinzie, Jac",10202,1,1,2,2.625330036,0.592792931,0.535388261,0.564061804,0.290545694,0.642541346,63291,0,3,Area Sales Manager,TX,78789,07-01-1984,M ,Married,US Citizen,No,07-06-2016,,N/A-StillEmployed,Active,D&A,Lynn Daneault,21,Website,Fully Meets,3.4,4,0,1/29/2019,0,7
"Meads, Elizabeth",10128,0,0,5,2.211154153,0.856241885,0.014720364,0.531872911,0.527970574,0.280348419,62659,1,19,Production Technician I,MA,1760,05/30/68,F,Single,US Citizen,No,04-02-2012,11-11-2016,Another position,Active,D&A,Kelley Spirea,18,Diversity Job Fair,Fully Meets,4.18,4,0,02-05-2016,0,17
"Medeiros, Jennifer",10068,0,0,1,2.507816844,0.545412764,0.706279518,0.602758862,0.62883067,0.024535031,55688,0,19,Production Technician I,MA,2346,09/22/76,F,Single,US Citizen,No,3/30/2015,,N/A-StillEmployed,Active,D&A,Michael Albert,22,CareerBuilder,Fully Meets,5,4,0,1/21/2019,0,10
"Miller, Brannon",10116,0,1,1,3.9083224,0.749342223,0.806886067,0.858706089,0.934089015,0.559299006,83667,0,18,Production Manager,MA,2045,08-10-1981,M ,Single,US Citizen,yes,8/16/2012,,N/A-StillEmployed,Active,D&A,Janet King,2,Indeed,Fully Meets,4.37,3,0,1/14/2019,0,2
"Miller, Ned",10298,0,1,10,2.327560945,0.590586392,0.184101734,0.594382571,0.16935695,0.789133298,55800,1,20,Production Technician II,MA,2472,06/29/85,M ,Single,US Citizen,No,8/15/2011,09-04-2014,unhappy,Active,D&A,Brannon Miller,12,LinkedIn,PIP,3,2,0,1/14/2013,6,6
"Monkfish, Erasumus",10213,1,1,1,2.176153363,0.046163524,0.606699282,0.405983638,0.135108841,0.982198078,58207,0,20,Production Technician II,MA,1450,08/17/92,M ,Married,US Citizen,No,11-07-2011,,N/A-StillEmployed,Active,D&A,David Stanley,14,LinkedIn,Fully Meets,3.7,3,0,01-08-2019,0,14
"Monroe, Peter",10288,1,1,1,2.265995348,0.968373634,0.306482629,0.133572442,0.367858468,0.489708175,157000,0,13,IT Manager - Infra,MA,2134,10-05-1986,M ,Married,Eligible NonCitizen,Yes,2/15/2012,,N/A-StillEmployed,Active,D&A,Jennifer Zamora,5,Diversity Job Fair,Needs Improvement,2.39,3,6,2/22/2019,4,13
"Monterro, Luisa",10025,0,0,1,2.354210747,0.050469028,0.04346497,0.966620734,0.821329383,0.472326633,72460,0,20,Production Technician II,MA,2126,04/24/70,F,Single,US Citizen,No,5/13/2013,,N/A-StillEmployed,Active,D&A,Kissy Sullivan,20,Indeed,Exceeds,4.7,3,0,1/14/2019,0,1
"Moran, Patrick",10223,0,1,3,2.618609243,0.921671642,0.698299731,0.016642911,0.77944021,0.202554749,72106,0,20,Production Technician II,MA,2127,12-03-1976,M ,Single,US Citizen,No,01-09-2012,,N/A-StillEmployed,Active,D&A,Kelley Spirea,18,Diversity Job Fair,Fully Meets,4.1,4,0,1/31/2019,0,12
"Morway, Tanya",10151,1,0,1,2.74898703,0.293716614,0.657687213,0.744285404,0.062106229,0.991191569,52599,0,15,Network Engineer,MA,2048,04-04-1979,F,Married,US Citizen,No,2/16/2015,,N/A-StillEmployed,Active,D&A,Peter Monroe,7,CareerBuilder,Fully Meets,3.81,3,6,02-11-2019,0,6
"Motlagh,  Dawn",10254,0,0,1,1.752870197,0.737637071,0.842220915,0.094835284,0.038361836,0.039815091,63430,0,19,Production Technician I,MA,2453,07-07-1984,F,Divorced,US Citizen,No,04-01-2013,,N/A-StillEmployed,Active,D&A,Elijiah Gray,16,LinkedIn,Fully Meets,4.4,4,0,1/17/2019,0,18
"Moumanil, Maliki ",10120,0,1,1,1.870405682,0.599779142,0.558781911,0.109388252,0.215302281,0.387154096,74417,0,20,Production Technician II,MA,1460,12-01-1974,M ,Separated,US Citizen,No,5/13/2013,,N/A-StillEmployed,Active,D&A,Michael Albert,22,LinkedIn,Fully Meets,4.29,5,0,1/28/2019,0,11
"Myers, Michael",10216,0,1,1,1.686789888,0.164776613,0.245030768,0.358055877,0.651425429,0.267501201,57575,0,19,Production Technician I,MA,1550,04/18/80,M ,Single,US Citizen,No,07-08-2013,,N/A-StillEmployed,Active,D&A,Kissy Sullivan,20,LinkedIn,Fully Meets,4.1,4,0,1/22/2019,0,13
"Navathe, Kurt",10079,0,1,1,2.540586845,0.17659215,0.331560093,0.217551215,0.967510167,0.84737322,87921,0,22,Senior BI Developer,MA,2056,04/25/70,M ,Single,US Citizen,No,02-10-2017,,N/A-StillEmployed,Active,D&A,Brian Champaigne,13,Indeed,Fully Meets,5,3,6,2/25/2019,0,17
"Ndzi, Colombui",10215,0,1,5,4.326144081,0.882546048,0.936582363,0.876132495,0.684859361,0.946023814,50470,1,19,Production Technician I,MA,2110,05-02-1989,M ,Single,US Citizen,No,9/26/2011,04-04-2014,return to school,Active,D&A,Webster Butler,39,Diversity Job Fair,Fully Meets,4.3,3,0,03-02-2013,0,19
"Ndzi, Horia",10185,1,1,5,3.212358151,0.227947804,0.994417167,0.961074969,0.470245287,0.558672925,46664,1,19,Production Technician I,MA,2421,03/28/83,M ,Married,US Citizen,No,04-01-2013,5/25/2016,more money,Active,D&A,Amy Dunn,11,Employee Referral,Fully Meets,3.18,3,0,03-06-2016,0,10
"Newman, Richard ",10063,1,1,3,2.691375826,0.834627069,0.525136233,0.00203707,0.371889503,0.957685951,48495,0,19,Production Technician I,MA,2136,04-08-1977,M ,Married,US Citizen,No,05-12-2014,,N/A-StillEmployed,Active,D&A,Ketsia Liebig,19,LinkedIn,Fully Meets,5,5,0,2/18/2019,0,11
"Ngodup, Shari ",10037,0,0,1,1.35743449,0.797818393,0.302380352,0.206611424,0.020762185,0.029862135,52984,0,19,Production Technician I,MA,1810,06-03-1967,F,Separated,US Citizen,No,04-01-2013,,N/A-StillEmployed,Active,D&A,Brannon Miller,12,Diversity Job Fair,Exceeds,4,3,0,2/13/2019,0,12
"Nguyen, Dheepa",10042,0,0,1,2.311261669,0.184827262,0.10184911,0.638357822,0.943191313,0.443036163,63695,0,3,Area Sales Manager,GA,30428,03/31/89,F,Single,US Citizen,No,07-08-2013,,N/A-StillEmployed,Active,D&A,Lynn Daneault,21,Indeed,Fully Meets,5,5,0,1/25/2019,0,2
"Nguyen, Lei-Ming",10206,0,0,1,3.165650821,0.94864918,0.49198404,0.391323562,0.47981518,0.853878859,62061,0,19,Production Technician I,MA,2132,07-07-1984,F,Single,US Citizen,No,07-08-2013,,N/A-StillEmployed,Active,D&A,David Stanley,14,LinkedIn,Fully Meets,3.6,5,0,01-02-2019,0,4
"Nowlan, Kristie",10104,0,0,1,2.901966069,0.681618686,0.201986716,0.994450087,0.629936473,0.393974108,66738,0,20,Production Technician II,MA,1040,11/23/85,F,Single,US Citizen,No,11-10-2014,,N/A-StillEmployed,Active,D&A,Elijiah Gray,16,Indeed,Fully Meets,4.53,5,0,1/16/2019,0,5
"O'hare, Lynn",10303,0,0,4,1.355006483,0.149849582,0.122371295,0.587189004,0.227536809,0.268059793,52674,1,19,Production Technician I,MA,2152,09/30/80,F,Single,US Citizen,No,3/31/2014,05-01-2018,performance,Active,D&A,Kissy Sullivan,20,LinkedIn,PIP,2.33,2,0,03-09-2018,6,3
"Oliver, Brooke ",10078,1,0,5,2.917890744,0.091161934,0.844301013,0.423355044,0.648535045,0.910537707,71966,1,20,Production Technician II,MA,2492,02-11-1952,F,Married,US Citizen,No,5/14/2012,8/19/2013,unhappy,Active,D&A,Webster Butler,39,LinkedIn,Fully Meets,5,3,0,07-02-2013,0,17
"Onque, Jasmine",10121,0,0,1,2.792248965,0.989379805,0.898006802,0.262074653,0.598969894,0.04381781,63051,0,3,Area Sales Manager,FL,33174,05-11-1990,F,Single,US Citizen,Yes,9/30/2013,,N/A-StillEmployed,Active,D&A,Lynn Daneault,21,Indeed,Fully Meets,4.28,3,0,1/25/2019,0,1
"Osturnka, Adeel",10021,1,1,1,1.472569331,0.465180171,0.020740419,0.210360499,0.193026746,0.583261495,47414,0,19,Production Technician I,MA,2478,12-11-1976,M ,Married,US Citizen,No,9/30/2013,,N/A-StillEmployed,Active,D&A,Kelley Spirea,18,LinkedIn,Exceeds,5,3,0,02-07-2019,0,13
"Owad, Clinton",10281,0,1,1,2.108771765,0.009454591,0.477601968,0.351705692,0.55336192,0.716647594,53060,0,19,Production Technician I,MA,1760,11/24/79,M ,Single,US Citizen,No,2/17/2014,,N/A-StillEmployed,Active,D&A,Michael Albert,22,LinkedIn,Needs Improvement,4.25,3,0,02-04-2019,4,6
"Ozark, Travis",10041,0,1,1,2.315211136,0.104008041,0.280516129,0.871544545,0.25022928,0.808913141,68829,0,3,Area Sales Manager,NC,27229,05/19/82,M ,Single,US Citizen,No,01-05-2015,,N/A-StillEmployed,Active,D&A,John Smith,17,Website,Fully Meets,5,5,0,1/14/2019,0,18
"Panjwani, Nina",10148,1,0,5,3.654652001,0.930148421,0.473693929,0.745538194,0.670078587,0.83519287,63515,1,19,Production Technician I,MA,2351,05-01-1979,F,Married,US Citizen,No,02-07-2011,01-12-2014,Another position,Active,D&A,Elijiah Gray,16,Google Search,Fully Meets,3.89,4,0,03-04-2013,0,7
"Patronick, Lucas",10005,0,1,5,2.263269546,0.500996868,0.286758878,0.680926052,0.272630488,0.52195726,108987,1,24,Software Engineer,MA,1844,02/20/79,M ,Single,US Citizen,No,11-07-2011,09-07-2015,Another position,Active,D&A,Alex Sweetwater,10,Diversity Job Fair,Exceeds,5,5,3,8/16/2015,0,13
"Pearson, Randall",10259,1,1,5,2.697902135,0.807566518,0.130126841,0.297864384,0.972050381,0.490294011,93093,1,9,Data Analyst,MA,2747,09-05-1984,M ,Married,US Citizen,No,12-01-2014,05-01-2016,performance,Active,D&A,Simon Roup,4,Employee Referral,Fully Meets,4.7,4,5,1/16/2016,0,19
"Smith, Martin",10286,0,1,5,2.475456305,0.519277623,0.138606072,0.811119499,0.063799653,0.942653458,53564,1,19,Production Technician I,MA,2458,03/17/88,M ,Single,US Citizen,No,01-10-2011,12/28/2017,career change,Active,D&A,Webster Butler,39,Google Search,Needs Improvement,3.54,5,0,04-06-2017,4,15
"Pelletier, Ermine",10297,1,0,5,2.231243479,0.347164041,0.581451379,0.845711336,0.088083622,0.3688331,60270,1,20,Production Technician II,MA,2472,07/18/89,F,Married,US Citizen,No,07-05-2011,9/15/2015,unhappy,Active,D&A,Amy Dunn,11,CareerBuilder,Needs Improvement,2.4,5,0,02-06-2015,5,2
"Perry, Shakira",10171,0,0,5,1.580203445,0.43246076,0.03008846,0.306662692,0.308777424,0.502214109,45998,1,19,Production Technician I,MA,2176,07/20/86,F,Single,US Citizen,No,5/16/2011,10/25/2015,medical issues,Active,D&A,Amy Dunn,11,LinkedIn,Fully Meets,3.45,4,0,5/13/2014,0,5
"Peters, Lauren",10032,1,0,5,1.438746001,0.398676892,0.564442565,0.037357663,0.16016907,0.278099809,57954,1,20,Production Technician II,MA,1886,08/17/86,F,Married,US Citizen,No,5/16/2011,02-04-2013,more money,Active,D&A,Ketsia Liebig,19,Indeed,Exceeds,4.2,5,0,01-10-2013,0,12
"Peterson, Ebonee  ",10130,1,0,5,1.167241609,0.189788909,0.230721124,0.458253212,0.141335767,0.147142597,74669,1,18,Production Manager,MA,2030,05-09-1977,F,Married,US Citizen,No,10/25/2010,5/18/2016,Another position,Voluntarily Terminated,D&A,Janet King,2,Indeed,Fully Meets,4.16,5,0,03-05-2015,0,6
"Petingill, Shana  ",10217,1,0,1,1.970283663,0.276294563,0.179627784,0.073776756,0.986587395,0.453997165,74226,0,20,Production Technician II,MA,2050,03-10-1979,F,Married,Eligible NonCitizen,No,04-02-2012,,N/A-StillEmployed,Active,D&A,Brannon Miller,12,LinkedIn,Fully Meets,4.3,3,0,1/14/2019,0,14
"Petrowsky, Thelma",10016,1,0,1,0.719700118,0.139511294,0.274834774,0.052624158,0.239647873,0.013082019,93554,0,9,Data Analyst,MA,1886,09/16/84,F,Married,US Citizen,No,11-10-2014,,N/A-StillEmployed,Active,D&A,Simon Roup,4,Employee Referral,Exceeds,4.6,5,7,01-04-2019,0,16
"Pham, Hong",10050,1,1,5,3.46948047,0.781534296,0.784740909,0.121616932,0.783163132,0.998425201,64724,1,19,Production Technician I,MA,2451,03-06-1988,M ,Married,US Citizen,No,07-05-2011,11/30/2012,more money,Voluntarily Terminated,D&A,Brannon Miller,12,Google Search,Fully Meets,5,3,0,2/20/2012,0,13
"Pitt, Brad ",10164,0,1,1,3.271052585,0.425109799,0.820748469,0.461263552,0.868568067,0.695362698,47001,0,19,Production Technician I,MA,2451,11/23/81,M ,Single,US Citizen,No,11-05-2007,,N/A-StillEmployed,Active,D&A,David Stanley,14,Google Search,Fully Meets,3.66,3,0,2/25/2019,0,15
"Potts, Xana",10124,1,0,1,3.042532688,0.130383021,0.914384198,0.698360567,0.433694538,0.865710364,61844,0,3,Area Sales Manager,KY,40220,08/29/88,F,Married,US Citizen,No,01-09-2012,,N/A-StillEmployed,Active,D&A,Lynn Daneault,21,Website,Fully Meets,4.2,5,0,02-01-2019,0,9
"Power, Morissa",10187,0,0,5,2.850294911,0.757830941,0.350970822,0.797663759,0.298455479,0.645373909,46799,1,19,Production Technician I,MA,1742,10/15/84,F,Divorced,Eligible NonCitizen,No,5/16/2011,06-04-2018,Another position,Voluntarily Terminated,D&A,Kissy Sullivan,20,Google Search,Fully Meets,3.17,4,0,04-02-2018,0,14
"Punjabhi, Louis  ",10225,0,1,1,3.007100762,0.864567014,0.121008173,0.617317678,0.836394497,0.5678134,59472,0,19,Production Technician I,MA,2109,06/19/61,M ,Single,US Citizen,No,01-06-2014,,N/A-StillEmployed,Active,D&A,Kelley Spirea,18,Employee Referral,Fully Meets,4.8,3,0,01-07-2019,0,14
"Purinton, Janine",10262,0,0,5,2.145497204,0.622210366,0.063621841,0.76313336,0.629100658,0.067430979,46430,1,19,Production Technician I,MA,2474,09/22/70,F,Divorced,US Citizen,No,9/24/2012,6/18/2013,unhappy,Voluntarily Terminated,D&A,Kissy Sullivan,20,Indeed,Fully Meets,4.5,5,0,04-02-2013,0,16
"Quinn, Sean",10131,1,1,5,2.19321726,0.085327389,0.61048153,0.14535653,0.745783109,0.606268702,83363,1,23,Software Engineer,MA,2045,11-06-1984,M ,Married,Eligible NonCitizen,No,2/21/2011,8/15/2015,career change,Voluntarily Terminated,D&A,Janet King,2,Diversity Job Fair,Fully Meets,4.15,4,0,4/19/2014,0,4
"Rachael, Maggie",10239,1,0,1,1.794020568,0.150774304,0.179158216,0.150975587,0.601287747,0.711824715,95920,0,4,BI Developer,MA,2110,05-12-1980,F,Married,US Citizen,No,10-02-2016,,N/A-StillEmployed,Active,D&A,Brian Champaigne,13,Indeed,Fully Meets,4.4,4,6,02-06-2019,0,10
"Rarrick, Quinn",10152,0,1,5,2.032856058,0.380909251,0.39686926,0.727566942,0.339251394,0.188259211,61729,1,19,Production Technician I,MA,2478,12/31/84,M ,Divorced,US Citizen,No,9/26/2011,04-07-2018,more money,Voluntarily Terminated,D&A,Michael Albert,22,Indeed,Fully Meets,3.8,5,0,02-04-2018,0,19
"Ren, Kylo",10140,1,1,1,3.011960051,0.930790038,0.189562004,0.75884408,0.541110517,0.591653412,61809,0,3,Area Sales Manager,ID,83706,10-12-1954,M ,Married,US Citizen,No,05-12-2014,,N/A-StillEmployed,Active,D&A,John Smith,17,CareerBuilder,Fully Meets,3.98,3,0,1/28/2019,0,4
"Rhoads, Thomas",10058,0,1,5,2.524082331,0.433193076,0.657549225,0.414927343,0.23440689,0.784005796,45115,1,19,Production Technician I,MA,2176,07/22/82,M ,Divorced,US Citizen,Yes,5/16/2011,1/15/2016,retiring,Voluntarily Terminated,D&A,Elijiah Gray,16,LinkedIn,Fully Meets,5,4,0,3/30/2015,0,11
"Rivera, Haley  ",10011,1,0,1,1.625131033,0.484064074,0.083897882,0.183170401,0.523137527,0.350861148,46738,0,19,Production Technician I,MA,2171,01-12-1973,F,Married,US Citizen,No,11/28/2011,,N/A-StillEmployed,Active,D&A,Webster Butler,,Google Search,Exceeds,4.36,5,0,02-11-2019,0,16
"Roberson, May",10230,0,0,5,1.421559748,0.003779515,0.259776848,0.805786435,0.033595728,0.318621222,64971,1,20,Production Technician II,MA,1902,09-05-1981,F,Divorced,Eligible NonCitizen,No,9/26/2011,10/22/2011,return to school,Voluntarily Terminated,D&A,David Stanley,14,Google Search,Fully Meets,4.5,4,0,10/22/2011,0,10
"Robertson, Peter",10224,1,1,5,2.577721822,0.865577527,0.644003544,0.665457246,0.369303096,0.03338041,55578,1,20,Production Technician II,MA,2138,07-03-1972,M ,Married,US Citizen,No,07-05-2011,02-08-2012,Another position,Voluntarily Terminated,D&A,Kissy Sullivan,20,Indeed,Fully Meets,4.2,5,0,01-06-2012,0,13
"Robinson, Alain  ",10047,1,1,5,2.830439347,0.919473105,0.213116819,0.65271102,0.244877659,0.800260744,50428,1,19,Production Technician I,MA,1420,01-07-1974,M ,Married,US Citizen,No,01-10-2011,1/26/2016,attendance,Voluntarily Terminated,D&A,Amy Dunn,11,Indeed,Fully Meets,5,3,0,01-10-2015,0,11
"Robinson, Cherly",10285,1,0,4,2.003119164,0.93789353,0.641899638,0.121605472,0.283603531,0.018116993,61422,1,19,Production Technician I,MA,1460,01-07-1985,F,Married,US Citizen,No,01-10-2011,5/17/2016,attendance,Terminated for Cause,D&A,Ketsia Liebig,19,Indeed,Needs Improvement,3.6,3,0,04-05-2016,4,16
"Robinson, Elias",10020,0,1,1,3.101453684,0.313935803,0.845820026,0.137846413,0.973410856,0.830440586,63353,0,19,Production Technician I,MA,1730,01/28/85,M ,Widowed,US Citizen,No,07-08-2013,,N/A-StillEmployed,Active,D&A,Brannon Miller,12,Employee Referral,Exceeds,3.6,5,0,02-11-2019,0,4
"Roby, Lori ",10162,1,0,1,2.290430978,0.595149765,0.863262063,0.171239326,0.555903574,0.10487625,89883,0,9,Data Analyst,MA,1886,10-11-1981,F,Married,US Citizen,No,2/16/2015,,N/A-StillEmployed,Active,D&A,Simon Roup,4,Employee Referral,Fully Meets,3.69,5,6,2/14/2019,0,15
"Roehrich, Bianca",10149,0,0,5,2.44991074,0.879994247,0.839501907,0.076247554,0.104951223,0.54921581,120000,1,29,Principal Data Architect,MA,2703,05/27/73,F,Single,US Citizen,Yes,01-05-2015,11-10-2018,Another position,Voluntarily Terminated,D&A,Simon Roup,4,LinkedIn,Fully Meets,3.88,3,7,2/13/2018,0,12
"Roper, Katie",10086,0,0,1,3.397103487,0.653188715,0.697917084,0.888485666,0.727378402,0.430133618,150290,0,7,Data Architect,MA,2056,11/21/72,F,Single,US Citizen,No,01-07-2017,,N/A-StillEmployed,Active,D&A,Brian Champaigne,13,Indeed,Fully Meets,4.94,3,5,02-06-2019,0,17
"Rose, Ashley  ",10054,0,0,1,2.988030665,0.295556338,0.088896728,0.882136859,0.772197192,0.949243548,60627,0,19,Production Technician I,MA,1886,12-05-1974,F,Separated,US Citizen,No,01-06-2014,,N/A-StillEmployed,Active,D&A,David Stanley,14,Website,Fully Meets,5,4,0,1/31/2019,0,8
"Rossetti, Bruno",10065,0,1,5,2.340054446,0.846128176,0.039843609,0.240171578,0.555794325,0.658116758,53180,1,19,Production Technician I,MA,2155,03/18/87,M ,Single,US Citizen,No,04-04-2011,8/13/2018,Another position,Voluntarily Terminated,D&A,Kissy Sullivan,20,Google Search,Fully Meets,5,5,0,07-02-2018,0,4
"Roup,Simon",10198,0,1,1,3.200842999,0.940827502,0.19226741,0.336622442,0.987182359,0.743943285,140920,0,13,IT Manager - DB,MA,2481,04-05-1973,M ,Single,US Citizen,No,1/20/2013,,N/A-StillEmployed,Active,D&A,Jennifer Zamora,5,Indeed,Fully Meets,3.6,5,7,2/18/2019,0,13
"Ruiz, Ricardo",10222,0,1,5,2.968226118,0.634631472,0.950666974,0.553270783,0.255030009,0.57462688,148999,1,13,IT Manager - DB,MA,1915,01-04-1964,M ,Divorced,US Citizen,No,01-09-2012,11-04-2015,hours,Voluntarily Terminated,D&A,Jennifer Zamora,5,Diversity Job Fair,Fully Meets,4.3,4,6,01-04-2015,0,8
"Saada, Adell",10126,1,0,1,2.582218132,0.495309526,0.326120673,0.311402698,0.85045638,0.598928856,86214,0,24,Software Engineer,MA,2132,07/24/86,F,Married,US Citizen,No,11-05-2012,,N/A-StillEmployed,Active,D&A,Alex Sweetwater,10,Indeed,Fully Meets,4.2,3,6,2/13/2019,0,2
"Saar-Beckles, Melinda",10295,0,0,2,2.509110307,0.197235933,0.835206751,0.096870433,0.647285323,0.732511867,47750,0,19,Production Technician I,MA,1801,06-06-1968,F,Single,US Citizen,No,07-04-2016,,N/A-StillEmployed,Active,D&A,Kelley Spirea,18,Diversity Job Fair,Needs Improvement,2.6,4,0,2/18/2019,5,4
"Sadki, Nore  ",10260,0,1,5,3.088544522,0.674262152,0.700972824,0.817880881,0.458132015,0.437296651,46428,1,19,Production Technician I,MA,2148,12/21/74,M ,Single,US Citizen,No,01-05-2009,7/30/2018,relocation out of area,Voluntarily Terminated,D&A,Michael Albert,22,Google Search,Fully Meets,4.6,5,0,02-05-2018,0,7
"Sahoo, Adil",10233,1,1,1,2.340465795,0.886661709,0.403893494,0.195044028,0.603963146,0.250903418,57975,0,20,Production Technician II,MA,2062,04/26/86,M ,Married,US Citizen,No,8/30/2010,,N/A-StillEmployed,Active,D&A,Kelley Spirea,18,CareerBuilder,Fully Meets,4.1,3,0,01-10-2019,0,13
"Salter, Jason",10229,0,1,5,2.953443516,0.883194891,0.948296852,0.636397884,0.286181628,0.199372261,88527,1,9,Data Analyst ,MA,2452,12/17/87,M ,Divorced,US Citizen,No,01-05-2015,10/31/2015,hours,Voluntarily Terminated,D&A,Simon Roup,4,LinkedIn,Fully Meets,4.2,3,5,4/20/2015,0,2
"Sander, Kamrin",10169,1,0,1,2.343290091,0.214806809,0.67011773,0.220760523,0.808987364,0.428617666,56147,0,19,Production Technician I,MA,2154,07-10-1988,F,Married,US Citizen,No,9/29/2014,,N/A-StillEmployed,Active,D&A,Elijiah Gray,16,LinkedIn,Fully Meets,3.51,3,0,2/18/2019,0,2
"Sewkumar, Nori",10071,0,0,3,2.996009474,0.426753646,0.514457554,0.477081428,0.844177861,0.733538985,50923,0,19,Production Technician I,MA,2191,03-10-1975,F,Single,US Citizen,No,9/30/2013,,N/A-StillEmployed,Active,D&A,Webster Butler,,Google Search,Fully Meets,5,5,0,02-06-2019,0,14
"Shepard, Anita ",10179,1,0,1,1.603428134,0.645322345,0.377508722,0.056334223,0.106000216,0.418262629,50750,0,15,Network Engineer,MA,1773,04/14/81,F,Married,US Citizen,No,9/30/2014,,N/A-StillEmployed,Active,D&A,Peter Monroe,7,LinkedIn,Fully Meets,3.31,3,6,01-07-2019,0,7
"Shields, Seffi",10091,1,0,1,3.163126404,0.604786235,0.989096197,0.557815186,0.887632506,0.123796281,52087,0,19,Production Technician I,MA,2149,08/24/85,F,Married,US Citizen,No,8/19/2013,,N/A-StillEmployed,Active,D&A,Amy Dunn,11,LinkedIn,Fully Meets,4.81,4,0,2/15/2019,0,15
"Simard, Kramer",10178,1,1,1,1.886694712,0.439571201,0.7954139,0.060659741,0.072017541,0.519032329,87826,0,9,Data Analyst,MA,2110,02-08-1970,M ,Married,US Citizen,Yes,01-05-2015,,N/A-StillEmployed,Active,D&A,Simon Roup,4,Employee Referral,Fully Meets,3.32,3,7,1/14/2019,0,16
"Singh,  ",10039,0,0,1,0.956822285,0.105140219,0.204278693,0.013998567,0.351880926,0.28152388,51920,0,2,Administrative Assistant,MA,2330,05/19/88,F,Single,US Citizen,No,05-01-2015,,N/A-StillEmployed,Active,D&A,Brandon R. LeBlanc,1,Website,Fully Meets,5,3,5,1/15/2019,0,2
"Sloan, Constance",10095,0,0,5,1.448674019,0.139300528,0.934645601,0.138388835,0.025149267,0.211189788,63878,1,20,Production Technician II,MA,1851,11/25/87,F,Single,US Citizen,No,10/26/2009,04-08-2015,maternity leave - did not return,Voluntarily Terminated,D&A,Michael Albert,22,CareerBuilder,Fully Meets,4.68,4,0,04-02-2015,0,20
"Smith, Joe",10027,0,1,1,3.941446455,0.935436024,0.502069991,0.891032981,0.802782024,0.810125435,60656,0,20,Production Technician II,MA,2045,10/30/63,M ,Single,US Citizen,No,9/29/2014,,N/A-StillEmployed,Active,D&A,Elijiah Gray,16,Indeed,Exceeds,4.3,3,0,1/28/2019,0,4
"Smith, John",10291,0,1,1,2.184820437,0.967045107,0.1188219,0.190975488,0.571620963,0.336356978,72992,0,21,Sales Manager,MA,1886,08/16/84,M ,Divorced,US Citizen,No,5/18/2014,,N/A-StillEmployed,Active,D&A,Debra Houlihan,15,Diversity Job Fair,Needs Improvement,2.4,4,0,1/16/2019,2,16
"Smith, Leigh Ann",10153,1,0,5,1.796546082,0.46100565,0.53224383,0.596250536,0.073777195,0.133268871,55000,1,2,Administrative Assistant,MA,1844,06/14/87,F,Married,US Citizen,No,9/26/2011,9/25/2013,career change,Voluntarily Terminated,D&A,Brandon R. LeBlanc,1,Diversity Job Fair,Fully Meets,3.8,4,4,8/15/2013,0,17
"Smith, Sade",10157,0,0,1,1.316378945,0.00519648,0.222601894,0.361866401,0.376806032,0.349908137,58939,0,19,Production Technician I,MA,2130,02-02-1965,F,Single,US Citizen,No,11-11-2013,,N/A-StillEmployed,Active,D&A,Ketsia Liebig,19,Employee Referral,Fully Meets,3.73,3,0,1/24/2019,0,16
"Soto, Julia ",10119,1,0,1,1.940032774,0.635444058,0.092448565,0.578075168,0.251935971,0.382129012,66593,0,14,IT Support,MA,2360,03-12-1973,F,Married,US Citizen,No,06-10-2011,,N/A-StillEmployed,Active,D&A,Eric Dougall,6,LinkedIn,Fully Meets,4.3,3,5,02-08-2019,0,19
"Soze, Keyser",10180,1,1,2,2.506099309,0.399533826,0.15180349,0.995583902,0.781628711,0.177549379,87565,0,28,Sr. Network Engineer,MA,1545,02-09-1983,M ,Married,US Citizen,No,6/30/2016,,N/A-StillEmployed,Active,D&A,Peter Monroe,7,LinkedIn,Fully Meets,3.27,4,5,1/14/2019,0,13
"Sparks, Taylor  ",10302,1,0,1,2.304269071,0.875337951,0.101778971,0.307773989,0.44508441,0.57429375,64021,0,19,Production Technician I,MA,2093,07/20/68,F,Married,US Citizen,No,2/20/2012,,N/A-StillEmployed,Active,D&A,Brannon Miller,12,Indeed,PIP,2.4,2,1,2/25/2019,6,20
"Spirea, Kelley",10090,1,0,1,3.435633748,0.999986497,0.715422607,0.48909845,0.275710127,0.955416067,65714,0,18,Production Manager,MA,2451,09/30/75,F,Married,US Citizen,No,10-02-2012,,N/A-StillEmployed,Active,D&A,Janet King,2,LinkedIn,Fully Meets,4.83,5,0,2/14/2019,0,15
"Squatrito, Kristen",10030,0,0,5,1.892264734,0.543495716,0.948703087,0.085815952,0.206410146,0.107839834,62425,1,19,Production Technician I,MA,2359,03/26/73,F,Divorced,US Citizen,No,5/13/2013,6/29/2015,unhappy,Voluntarily Terminated,D&A,David Stanley,14,LinkedIn,Exceeds,4.1,4,0,03-02-2015,0,16
"Stanford,Barbara  M",10278,0,0,1,2.316547726,0.41125555,0.518308164,0.51302389,0.664520385,0.209439737,47961,0,19,Production Technician I,MA,2050,08/25/82,F,Divorced,US Citizen,No,01-10-2011,,N/A-StillEmployed,Active,D&A,Kissy Sullivan,20,Google Search,Fully Meets,4.1,4,0,02-07-2019,0,9
"Stansfield, Norman",10307,1,1,1,2.029743862,0.095350563,0.587002579,0.522603677,0.403204748,0.421582294,58273,0,3,Area Sales Manager,NV,89139,05-09-1974,M ,Married,US Citizen,No,05-12-2014,,N/A-StillEmployed,Active,D&A,Lynn Daneault,21,Website,PIP,1.81,2,0,1/17/2019,3,5
"Steans, Tyrone  ",10147,0,1,1,3.508427287,0.974188376,0.580996802,0.820426295,0.478568145,0.65424767,63003,0,1,Accountant I,MA,2703,09-01-1986,M ,Single,US Citizen,No,9/29/2014,,N/A-StillEmployed,Active,D&A,Brandon R. LeBlanc,1,Indeed,Fully Meets,3.9,5,5,1/18/2019,0,9
"Stoica, Rick",10266,1,1,1,2.646731267,0.49783656,0.619807361,0.825840535,0.213501526,0.489745285,61355,0,19,Production Technician I,MA,2301,03/14/85,M ,Married,US Citizen,No,2/17/2014,,N/A-StillEmployed,Active,D&A,Kelley Spirea,18,LinkedIn,Fully Meets,4.7,3,0,01-11-2019,0,4
"Strong, Caitrin",10241,1,0,1,1.418241626,0.1664622,0.141076071,0.333490103,0.309570803,0.467642448,60120,0,3,Area Sales Manager,MT,59102,05-12-1989,F,Married,US Citizen,No,9/27/2010,,N/A-StillEmployed,Active,D&A,John Smith,17,Indeed,Fully Meets,4.1,4,0,1/31/2019,0,18
"Sullivan, Kissy ",10158,1,0,1,3.48036381,0.606599717,0.621924644,0.996475866,0.909361248,0.346002335,63682,0,18,Production Manager,MA,1776,03/28/78,F,Married,US Citizen,No,01-08-2009,,N/A-StillEmployed,Active,D&A,Janet King,2,Indeed,Fully Meets,3.73,4,0,1/24/2019,0,12
"Sullivan, Timothy",10117,1,1,1,2.311229282,0.367973203,0.335091861,0.461694024,0.728469847,0.418000347,63025,0,19,Production Technician I,MA,2747,10-07-1982,M ,Married,US Citizen,Yes,01-05-2015,,N/A-StillEmployed,Active,D&A,Michael Albert,22,Google Search,Fully Meets,4.36,5,0,1/24/2019,0,10
"Sutwell, Barbara",10209,0,0,1,2.990479217,0.655181165,0.208714686,0.57413187,0.879526443,0.672925052,59238,0,19,Production Technician I,MA,2718,08/15/68,F,Single,Eligible NonCitizen,No,5/14/2012,,N/A-StillEmployed,Active,D&A,Elijiah Gray,16,Indeed,Fully Meets,3.4,5,0,1/31/2019,0,13
"Szabo, Andrew",10024,0,1,1,3.850033176,0.82941607,0.579174556,0.90608599,0.896557313,0.638799247,92989,0,24,Software Engineer,MA,2140,05-06-1983,M ,Single,US Citizen,No,07-07-2014,,N/A-StillEmployed,Active,D&A,Alex Sweetwater,10,LinkedIn,Exceeds,4.5,5,5,2/18/2019,0,1
"Tannen, Biff",10173,1,1,1,2.711769439,0.569960622,0.095588162,0.872609845,0.251447785,0.922163025,90100,0,4,BI Developer,MA,2134,10/24/87,M ,Married,US Citizen,No,4/20/2017,,N/A-StillEmployed,Active,D&A,Brian Champaigne,13,Indeed,Fully Meets,3.4,3,6,01-02-2019,0,14
"Tavares, Desiree  ",10221,1,0,5,1.585405699,0.003960261,0.117190595,0.018036748,0.705333939,0.740884157,60754,1,19,Production Technician I,MA,1801,04-03-1975,F,Married,Non-Citizen,No,4/27/2009,04-01-2013,Another position,Voluntarily Terminated,D&A,Webster Butler,39,Diversity Job Fair,Fully Meets,4.5,5,0,2/15/2012,0,11
"Tejeda, Lenora ",10146,1,0,5,1.485784143,0.104164511,0.412858892,0.059546029,0.88184788,0.027366831,72202,1,20,Production Technician II,MA,2129,05/24/53,F,Married,US Citizen,No,5/16/2011,07-08-2017,Another position,Voluntarily Terminated,D&A,Elijiah Gray,16,Google Search,Fully Meets,3.93,3,0,4/18/2017,0,3
"Terry, Sharlene ",10161,0,0,1,1.277147754,0.399836476,0.084308663,0.200534011,0.042338963,0.550129641,58370,0,3,Area Sales Manager,OR,97756,05-07-1965,F,Single,US Citizen,No,9/29/2014,,N/A-StillEmployed,Active,D&A,Lynn Daneault,21,Indeed,Fully Meets,3.69,3,0,1/28/2019,0,18
"Theamstern, Sophia",10141,0,0,5,2.090929769,0.014371297,0.987195654,0.502690611,0.565900333,0.020771874,48413,1,19,Production Technician I,MA,2066,05-09-1965,F,Single,US Citizen,No,07-05-2011,09-05-2016,return to school,Voluntarily Terminated,D&A,Amy Dunn,11,Indeed,Fully Meets,3.98,4,0,03-02-2016,0,1
"Thibaud, Kenneth",10268,0,1,5,1.439167438,0.042219936,0.280527084,0.01366447,0.224818515,0.877937433,67176,1,20,Production Technician II,MA,2472,09/16/75,M ,Widowed,US Citizen,No,6/25/2007,8/30/2010,military,Active,D&A,Webster Butler,39,Other,Fully Meets,4.1,4,0,7/14/2010,0,15
"Tippett, Jeanette",10123,0,0,1,2.62582017,0.255375297,0.160997859,0.450502709,0.974815926,0.784128379,56339,0,19,Production Technician I,MA,2093,06-05-1967,F,Divorced,US Citizen,No,2/18/2013,,N/A-StillEmployed,Active,D&A,Brannon Miller,12,Indeed,Fully Meets,4.21,5,0,1/14/2019,0,4
"Torrence, Jack",10013,0,1,1,2.183410678,0.400691392,0.954072952,0.147809231,0.129475194,0.551361908,64397,0,3,Area Sales Manager,ND,58782,01/15/68,M ,Separated,US Citizen,No,01-09-2006,,N/A-StillEmployed,Active,D&A,Lynn Daneault,21,Indeed,Exceeds,4.1,3,0,01-04-2019,0,6
"Trang, Mei",10287,0,0,1,2.245541639,0.27834606,0.542836032,0.573464151,0.153744101,0.697151296,63025,0,19,Production Technician I,MA,2021,05/16/83,F,Single,US Citizen,No,2/17/2014,,N/A-StillEmployed,Active,D&A,David Stanley,14,LinkedIn,Needs Improvement,2.44,5,0,02-11-2019,4,18
"Tredinnick, Neville ",10044,1,1,5,2.218771282,0.109651097,0.368680147,0.418509521,0.993286793,0.328643723,75281,1,15,Network Engineer,MA,1420,05-05-1988,M ,Married,US Citizen,No,01-05-2015,02-12-2016,medical issues,Active,D&A,Peter Monroe,7,CareerBuilder,Fully Meets,5,3,5,4/15/2015,0,11
"True, Edward",10102,0,1,5,2.862506431,0.494328279,0.966573006,0.766117308,0.367800672,0.267687167,100416,1,24,Software Engineer,MA,2451,06/14/83,M ,Single,Non-Citizen,No,2/18/2013,4/15/2018,medical issues,Active,D&A,Alex Sweetwater,10,Diversity Job Fair,Fully Meets,4.6,3,4,02-12-2017,0,9
"Trzeciak, Cybil",10270,0,0,5,2.229670152,0.850777924,0.273719634,0.339910344,0.332123454,0.433138797,74813,1,20,Production Technician II,MA,1778,03/15/85,F,Single,US Citizen,No,01-10-2011,07-02-2014,unhappy,Active,D&A,Amy Dunn,11,LinkedIn,Fully Meets,4.4,3,0,01-05-2014,0,5
"Turpin, Jumil",10045,1,1,1,3.442270256,0.558251535,0.275471373,0.780389571,0.833339676,0.994818101,76029,0,15,Network Engineer,MA,2343,03/31/69,M ,Married,Eligible NonCitizen,No,3/30/2015,,N/A-StillEmployed,Active,D&A,Peter Monroe,7,Employee Referral,Fully Meets,5,4,7,1/14/2019,0,8
"Valentin,Jackie",10205,1,0,1,2.865306095,0.88552898,0.383736247,0.761552678,0.479065478,0.355422711,57859,0,3,Area Sales Manager,AZ,85006,05/23/91,F,Married,US Citizen,No,07-05-2011,,N/A-StillEmployed,Active,D&A,John Smith,17,Indeed,Fully Meets,2.81,3,0,1/17/2019,0,16
"Veera, Abdellah ",10014,0,1,5,2.932499709,0.399722963,0.060998793,0.672008479,0.912028233,0.887741241,58523,1,19,Production Technician I,MA,2171,01/31/87,M ,Divorced,US Citizen,No,8/13/2012,02-05-2016,maternity leave - did not return,Active,D&A,Kissy Sullivan,20,LinkedIn,Exceeds,4.5,5,0,02-01-2016,0,15
"Vega, Vincent",10144,0,1,1,1.305344425,0.321112558,0.249116925,0.092209523,0.535218736,0.107686683,88976,0,17,Production Manager,MA,2169,10-10-1968,M ,Divorced,US Citizen,No,08-01-2011,,N/A-StillEmployed,Active,D&A,Janet King,2,Employee Referral,Fully Meets,3.93,3,0,2/27/2019,0,19
"Villanueva, Noah",10253,0,1,1,2.09464233,0.2078597,0.652152164,0.695055977,0.030303791,0.509270698,55875,0,3,Area Sales Manager,ME,4063,07-11-1989,M ,Single,US Citizen,No,03-05-2012,,N/A-StillEmployed,Active,D&A,John Smith,17,Website,Fully Meets,4.5,4,0,1/18/2019,0,11
"Voldemort, Lord",10118,1,1,4,2.452234018,0.726406899,0.729104638,0.110581342,0.445942343,0.440198796,113999,1,8,Database Administrator,MA,1960,08-07-1986,M ,Married,US Citizen,No,2/16/2015,2/22/2017,"no-call, no-show",Active,D&A,Simon Roup,4,Employee Referral,Fully Meets,4.33,3,7,2/15/2017,0,9
"Volk, Colleen",10022,1,0,4,2.085712557,0.918859565,0.192124359,0.167602521,0.363038594,0.444087518,49773,1,19,Production Technician I,MA,2747,06-03-1986,F,Married,US Citizen,No,9/26/2011,02-08-2016,gross misconduct,Active,D&A,Kelley Spirea,18,Google Search,Exceeds,4.3,5,0,02-01-2015,0,18
"Von Massenbach, Anna",10183,0,0,2,1.759484204,0.214777077,0.408139631,0.856075401,0.273922795,0.0065693,62068,0,19,Production Technician I,MA,2124,04-06-1985,F,Single,US Citizen,No,07-05-2015,,N/A-StillEmployed,Active,D&A,Michael Albert,22,LinkedIn,Fully Meets,3.21,3,0,1/29/2019,0,7
"Walker, Roger",10190,0,1,1,3.625850474,0.787960498,0.793279837,0.347708012,0.761189811,0.935712315,66541,0,20,Production Technician II,MA,2459,02-10-1976,M ,Single,US Citizen,No,8/18/2014,,N/A-StillEmployed,Active,D&A,Ketsia Liebig,19,Employee Referral,Fully Meets,3.11,5,0,02-12-2019,0,4
"Wallace, Courtney  E",10274,1,0,5,2.569391129,0.334836655,0.126687822,0.97268449,0.152027418,0.983154744,80512,1,18,Production Manager,MA,2478,11/14/55,F,Married,US Citizen,No,9/26/2011,01-02-2012,Another position,Active,D&A,Janet King,2,Diversity Job Fair,Fully Meets,4.5,3,0,01-02-2012,0,5
"Wallace, Theresa",10293,0,0,5,2.222765436,0.884444972,0.432753183,0.191726337,0.062898806,0.650942138,50274,1,19,Production Technician I,MA,1887,08-02-1980,F,Single,US Citizen,No,8/13/2012,09-01-2015,career change,Active,D&A,Elijiah Gray,16,CareerBuilder,Needs Improvement,2.5,3,0,09-05-2014,6,13
"Wang, Charlie",10172,0,1,1,1.869832361,0.002249009,0.817442376,0.614115476,0.421838976,0.014186524,84903,0,22,Senior BI Developer,MA,1887,07-08-1981,M ,Single,US Citizen,No,2/15/2017,,N/A-StillEmployed,Active,D&A,Brian Champaigne,13,Indeed,Fully Meets,3.42,4,7,01-04-2019,0,17
"Warfield, Sarah",10127,0,0,1,2.467292241,0.765500174,0.210470961,0.937964846,0.453108244,0.100248016,107226,0,28,Sr. Network Engineer,MA,2453,05-02-1978,F,Widowed,US Citizen,No,3/30/2015,,N/A-StillEmployed,Active,D&A,Peter Monroe,7,Employee Referral,Fully Meets,4.2,4,8,02-05-2019,0,7
"Whittier, Scott",10072,0,1,5,1.945471558,0.281479359,0.578915145,0.776426582,0.041066294,0.267584179,58371,1,19,Production Technician I,MA,2030,05/24/87,M ,Single,US Citizen,Yes,01-10-2011,5/15/2014,hours,Active,D&A,Webster Butler,39,LinkedIn,Fully Meets,5,5,0,5/15/2014,0,11
"Wilber, Barry",10048,1,1,5,2.40326736,0.879168316,0.260840123,0.093673849,0.313783921,0.855801151,55140,1,19,Production Technician I,MA,2324,09-09-1965,M ,Married,Eligible NonCitizen,No,5/16/2011,09-07-2015,unhappy,Active,D&A,Amy Dunn,11,Website,Fully Meets,5,3,0,2/15/2015,0,7
"Wilkes, Annie",10204,0,0,5,2.832642936,0.410162382,0.612173557,0.643864627,0.988001508,0.178440861,58062,1,19,Production Technician I,MA,1876,07/30/83,F,Divorced,US Citizen,No,01-10-2011,5/14/2012,Another position,Active,D&A,Ketsia Liebig,19,Google Search,Fully Meets,3.6,5,0,02-06-2011,0,9
"Williams, Jacquelyn  ",10264,0,0,5,2.683293955,0.318303062,0.767594249,0.277088216,0.673710505,0.646597924,59728,1,19,Production Technician I,MA,2109,10-02-1969,F,Single,US Citizen,Yes,01-09-2012,6/27/2015,relocation out of area,Active,D&A,Ketsia Liebig,19,Diversity Job Fair,Fully Meets,4.3,4,0,06-02-2014,0,16
"Winthrop, Jordan  ",10033,0,1,5,3.732239952,0.804012986,0.907836142,0.662245461,0.589467337,0.768678026,70507,1,20,Production Technician II,MA,2045,11-07-1958,M ,Single,US Citizen,No,01-07-2013,2/21/2016,retiring,Active,D&A,Brannon Miller,12,LinkedIn,Exceeds,5,3,0,1/19/2016,0,7
"Wolk, Hang  T",10174,0,0,1,2.879185964,0.396717571,0.183006146,0.787472431,0.558737358,0.953252458,60446,0,20,Production Technician II,MA,2302,04/20/85,F,Single,US Citizen,No,9/29/2014,,N/A-StillEmployed,Active,D&A,David Stanley,14,LinkedIn,Fully Meets,3.4,4,0,2/21/2019,0,14
"Woodson, Jason",10135,0,1,1,3.279280598,0.800293938,0.64909024,0.503095291,0.920264258,0.406536871,65893,0,20,Production Technician II,MA,1810,05-11-1985,M ,Single,US Citizen,No,07-07-2014,,N/A-StillEmployed,Active,D&A,Kissy Sullivan,20,LinkedIn,Fully Meets,4.07,4,0,2/28/2019,0,13
"Ybarra, Catherine ",10301,0,0,10,2.764439508,0.579515545,0.535340422,0.432764577,0.806676446,0.410142518,48513,1,19,Production Technician I,MA,2458,05-04-1982,F,Single,US Citizen,No,09-02-2008,9/29/2015,Another position,Active,D&A,Brannon Miller,12,Google Search,PIP,3.2,2,0,09-02-2015,5,4
"Zamora, Jennifer",10010,0,0,1,2.496006785,0.350969999,0.797778223,0.357787677,0.934487718,0.054983168,220450,0,6,CIO,MA,2067,08/30/79,F,Single,US Citizen,No,04-10-2010,,N/A-StillEmployed,Active,D&A,Janet King,2,Employee Referral,Exceeds,4.6,5,6,2/21/2019,0,16
"Zhou, Julia",10043,0,0,1,2.461532593,0.150496819,0.999415905,0.043634387,0.297374699,0.970610784,89292,0,9,Data Analyst,MA,2148,02/24/79,F,Single,US Citizen,No,3/30/2015,,N/A-StillEmployed,Active,D&A,Simon Roup,4,Employee Referral,Fully Meets,5,3,5,02-01-2019,0,11
"Zima, Colleen",10271,0,0,1,1.678432713,0.806013862,0.146715744,0.087503399,0.321484789,0.31671492,45046,0,19,Production Technician I,MA,1730,08/17/78,F,Widowed,US Citizen,No,9/29/2014,,N/A-StillEmployed,Active,D&A,David Stanley,14,LinkedIn,Fully Meets,4.5,5,0,1/30/2019,0,2
